Food Item ID,Code,Subgroup,"Country, region",Type,ISSCAAP,3_alpha,Food name in own language,Food name in English,Processing,Scientific name,ASFIS English name,ASFIS Scientific name,Season,Other,n,Comments on data processing/methods,Publication year,BiblioID,Compiler,Latest revision in version,EDIBLE,PROTCNT(g),PROTCNP(g),PROT-(g),CA(mg),FE(mg),SE(mcg),ZN(mg),VITA_RAE(mcg),VITA-(mcg),FAPUN3(g),FAPUCN3(g),FAPULCCN3(g),FAN3(g),,,,,,,,,,,,,,,,,,,,,,,,,,,,,,,,,,,,,,,,,,,,,,,,,,,,,,,,,,,,,,,,,,,,,,,,,,
,as used in version 1.0 and 1.1,,sampling place,"C: Cultivar, V: Variety, BC: Breeding Clone, B: Breed, W: Wild, U: Underutilized",,,,,"r: raw, d: dried, p: processed",,,,sampling season,additional information on factors influencing the nutrient composition,number of independent analytical samples,,,,,,edible portion coefficient,"protein, total; calculated from total nitrogen ","protein, total; calculated from protein nitrogen","protein, total; method of determination unknown or variable",calcium,"iron, total",selenium,zink,Total vitamin A (mcg RAE),vitamin A; method of determination unknown,"fatty acids, total n-3 polyunsaturated","fatty acids, total n-3 polyunsaturated in cis configuration","fatty acids, total n-3 long-chain polyunsaturated in cis configuration","fatty acid, total n-3",,,,,,,,,,,,,,,,,,,,,,,,,,,,,,,,,,,,,,,,,,,,,,,,,,,,,,,,,,,,,,,,,,,,,,,,,,
0900224,0900224,Crustacean,"Thailand, Nong Waeng",W,41,MNX,,"Freshwater prawn, wild, flesh, raw",r,Macrobrachium nipponense,Oriental river prawn,Macrobrachium nipponense,wet season,fish derive from rice-fish farming systems,5,FA converted using XFA; tr = FA values < 0.10% of FACID,2010,fi46,DR,2.0,,,,,,,,,,,0.139094344,,,,,,,,,,,,,,,,,,,,,,,,,,,,,,,,,,,,,,,,,,,,,,,,,,,,,,,,,,,,,,,,,,,,,,,,,,,,,
0900312,0900312,Crustacean,"Italy, Egadi Islands",W,43,SLO,,"Common spinylobster, wild, fillet, raw",r,Palinurus elephas,Common spinylobster,Palinurus elephas,Jun 2003,weight: 1000-1700g,1,FA calc. for individual month based on a mean lipid value (Jun/Jul); FA converted using XFA,2006,fi65,DR,2.1,,,,,,,,,,,[0.389482368],,,,,,,,,,,,,,,,,,,,,,,,,,,,,,,,,,,,,,,,,,,,,,,,,,,,,,,,,,,,,,,,,,,,,,,,,,,,,
0900313,0900313,Crustacean,"Italy, Egadi Islands",W,43,SLO,,"Common spinylobster, wild, fillet, raw",r,Palinurus elephas,Common spinylobster,Palinurus elephas,Jul 2003,weight: 1000-1700g,1,FA calc. for individual month based on a mean lipid value (Jun/Jul); FA converted using XFA,2006,fi65,DR,2.1,,,,,,,,,,,[0.37581632],,,,,,,,,,,,,,,,,,,,,,,,,,,,,,,,,,,,,,,,,,,,,,,,,,,,,,,,,,,,,,,,,,,,,,,,,,,,,
0900444,0900444,Crustacean,"Greece, Aegean Sea",W,43,LBE,Astakos,"European lobster, wild, edible flesh, raw",r,Homarus gammarus,European lobster,Homarus gammarus,,,,,1995,fi80,DR,2.1,,,,,,,,,,,,,,,,,,,,,,,,,,,,,,,,,,,,,,,,,,,,,,,,,,,,,,,,,,,,,,,,,,,,,,,,,,,,,,,,,,,,,,,,
0900445,0900445,Crustacean,"Greece, Aegean Sea",W,43,NEP,Karavida,"Norway lobster, wild, edible flesh, raw",r,Nephrops norvegicus,Norway Lobster,Nephrops norvegicus,,,,"mean of lipid value (spring, fall, winter) used for FA calculation; FAT- (analyzed according to AOAC 1975); FA converted using XFA; FA tr= <0.1g/100g fillet",1995,fi80,DR,2.1,,,,,,,,,,,,,,,,,,,,,,,,,,,,,,,,,,,,,,,,,,,,,,,,,,,,,,,,,,,,,,,,,,,,,,,,,,,,,,,,,,,,,,,,
0900446,0900446,Crustacean,"Greece, Aegean Sea",W,45,ARA,Garida,"Shrimp, wild, edible flesh, raw",r,Aristeus antennatus,Blue and red shrimp,Aristeus antennatus,,,,"mean of lipid value (spring, fall, winter) used for FA calculation; FAT- (analyzed according to AOAC 1975); FA converted using XFA; FA tr= <0.1g/100g fillet",1995,fi80,DR,2.1,,,,,,,,,,,,,,,,,,,,,,,,,,,,,,,,,,,,,,,,,,,,,,,,,,,,,,,,,,,,,,,,,,,,,,,,,,,,,,,,,,,,,,,,
0900483,0900483,Crustacean,"Greece, Aegean Sea",W,43,NEP,Karavida,"Norway lobster, wild, edible flesh, raw",r,Nephrops norvegicus,Norway Lobster,Nephrops norvegicus,Spring,,,FAT- (analyzed according to AOAC 1975),1995,fi80,DR,2.0,,19,,,,,,,,,,,,,,,,,,,,,,,,,,,,,,,,,,,,,,,,,,,,,,,,,,,,,,,,,,,,,,,,,,,,,,,,,,,,,,,,,,,,,,
0900484,0900484,Crustacean,"Greece, Aegean Sea",W,43,NEP,Karavida,"Norway lobster, wild, edible flesh, raw",r,Nephrops norvegicus,Norway Lobster,Nephrops norvegicus,Fall,,,FAT- (analyzed according to AOAC 1975),1995,fi80,DR,2.0,,17,,,,,,,,,,,,,,,,,,,,,,,,,,,,,,,,,,,,,,,,,,,,,,,,,,,,,,,,,,,,,,,,,,,,,,,,,,,,,,,,,,,,,,
0900485,0900485,Crustacean,"Greece, Aegean Sea",W,43,NEP,Karavida,"Norway lobster, wild, edible flesh, raw",r,Nephrops norvegicus,Norway Lobster,Nephrops norvegicus,Winter,,,FAT- (analyzed according to AOAC 1975),1995,fi80,DR,2.0,,17,,,,,,,,,,,,,,,,,,,,,,,,,,,,,,,,,,,,,,,,,,,,,,,,,,,,,,,,,,,,,,,,,,,,,,,,,,,,,,,,,,,,,,
0900486,0900486,Crustacean,"Greece, Aegean Sea",W,45,ARA,Garida,"Shrimp, wild, edible flesh, raw",r,Aristeus antennatus,Blue and red shrimp,Aristeus antennatus,Spring,,,FAT- (analyzed according to AOAC 1975),1995,fi80,DR,2.0,,19,,,,,,,,,,,,,,,,,,,,,,,,,,,,,,,,,,,,,,,,,,,,,,,,,,,,,,,,,,,,,,,,,,,,,,,,,,,,,,,,,,,,,,
0900487,0900487,Crustacean,"Greece, Aegean Sea",W,45,ARA,Garida,"Shrimp, wild, edible flesh, raw",r,Aristeus antennatus,Blue and red shrimp,Aristeus antennatus,Fall,,,FAT- (analyzed according to AOAC 1975),1995,fi80,DR,2.0,,16,,,,,,,,,,,,,,,,,,,,,,,,,,,,,,,,,,,,,,,,,,,,,,,,,,,,,,,,,,,,,,,,,,,,,,,,,,,,,,,,,,,,,,
0900488,0900488,Crustacean,"Greece, Aegean Sea",W,45,ARA,Garida,"Shrimp, wild, edible flesh, raw",r,Aristeus antennatus,Blue and red shrimp,Aristeus antennatus,Winter,,,FAT- (analyzed according to AOAC 1975),1995,fi80,DR,2.0,,19,,,,,,,,,,,,,,,,,,,,,,,,,,,,,,,,,,,,,,,,,,,,,,,,,,,,,,,,,,,,,,,,,,,,,,,,,,,,,,,,,,,,,,
0900549,0900549,Crustacean,"Malaysia, West coast of Peninsular",W,45,MTJ,Udang putih,"Prawn, wild, flesh, raw",r,Metapenaeus affinis,Jinga shrimp,Metapenaeus affinis,,"length and weight: 12-17cm, 10-20g",3,,2011,fi88,DR,2.0,,19.12,,,,,,,,,,,,,,,,,,,,,,,,,,,,,,,,,,,,,,,,,,,,,,,,,,,,,,,,,,,,,,,,,,,,,,,,,,,,,,,,,,,,,,
0900786,0900786,Crustacean,"USA, LA, Atchafalaya Basin",W,41,RCW,,"Red swamp crayfish, wild, tail meat, raw",r,Procambarus clarkii,Red swamp crawfish,Procambarus clarkii,Mar 1989,,1,"FAT (analyzed according to AOAC 1984, method 43.257-43.277); tr= VitC <1.0 mg/100g; CARTB <10mcg/100g; CHO <0.1g/100g; RIBF <0.02mg/100g",1992,fi120,DR,2.1,,14.3,,,,,,,,,,,,,,,,,,,,,,,,,,,,,,,,,,,,,,,,,,,,,,,,,,,,,,,,,,,,,,,,,,,,,,,,,,,,,,,,,,,,,,
0900787,0900787,Crustacean,"USA, LA, Atchafalaya Basin",W,41,RCW,,"Red swamp crayfish, wild, tail meat, raw",r,Procambarus clarkii,Red swamp crawfish,Procambarus clarkii,Jun 1989,,1,"FAT (analyzed according to AOAC 1984, method 43.257-43.277); tr= VitC <1.0 mg/100g; CARTB <10mcg/100g; CHO <0.1g/100g; RIBF <0.02mg/100g",1992,fi120,DR,2.1,,16.2,,,,,,,,,,,,,,,,,,,,,,,,,,,,,,,,,,,,,,,,,,,,,,,,,,,,,,,,,,,,,,,,,,,,,,,,,,,,,,,,,,,,,,
0900790,0900790,Crustacean,"USA, LA, Atchafalaya Basin",W,41,PCC,,"White River crayfish, wild, tail meat, raw",r,Procambarus acutus acutus,White crawfish,Procambarus acutus,Mar 1989,,1,"FAT (analyzed according to AOAC 1984, method 43.257-43.277); tr= VitC <1.0 mg/100g; CARTB <10mcg/100g; CHO <0.1g/100g; RIBF <0.02mg/100g",1992,fi120,DR,2.1,,14.3,,,,,,,,,,,,,,,,,,,,,,,,,,,,,,,,,,,,,,,,,,,,,,,,,,,,,,,,,,,,,,,,,,,,,,,,,,,,,,,,,,,,,,
0900791,0900791,Crustacean,"USA, LA, Atchafalaya Basin",W,41,PCC,,"White River crayfish, wild, tail meat, raw",r,Procambarus acutus acutus,White crawfish,Procambarus acutus,Jun 1989,,1,"FAT (analyzed according to AOAC 1984, method 43.257-43.277); tr= VitC <1.0 mg/100g; CARTB <10mcg/100g; CHO <0.1g/100g; RIBF <0.02mg/100g",1992,fi120,DR,2.1,,16.4,,,,,,,,,,,,,,,,,,,,,,,,,,,,,,,,,,,,,,,,,,,,,,,,,,,,,,,,,,,,,,,,,,,,,,,,,,,,,,,,,,,,,,
0900990,0900990,Crustacean,"USA, Astoria Canyon, North Pacific",W,45,PJK,,"Pacific shrimp, wild, edible flesh (peeled), raw",r,Pandalus jordani,Ocean shrimp,Pandalus jordani,Aug 1977,,2,,1979,fi156,DR,2.0,,16.88,,,,,,,,,,,,,,,,,,,,,,,,,,,,,,,,,,,,,,,,,,,,,,,,,,,,,,,,,,,,,,,,,,,,,,,,,,,,,,,,,,,,,,
0900993,0900993,Crustacean,"USA, OR, North Pacific",W,45,PJK,,"Pacific shrimp, wild, edible flesh (peeled), raw",r,Pandalus jordani,Ocean shrimp,Pandalus jordani,Sep 1977,,2,,1979,fi156,DR,2.0,,18.36,,,,,,,,,,,,,,,,,,,,,,,,,,,,,,,,,,,,,,,,,,,,,,,,,,,,,,,,,,,,,,,,,,,,,,,,,,,,,,,,,,,,,,
0900996,0900996,Crustacean,"USA, CA, North Pacific",W,45,PJK,,"Pacific shrimp, wild, edible flesh (peeled), raw",r,Pandalus jordani,Ocean shrimp,Pandalus jordani,Sep 1977,,2,,1979,fi156,DR,2.0,,17.45,,,,,,,,,,,,,,,,,,,,,,,,,,,,,,,,,,,,,,,,,,,,,,,,,,,,,,,,,,,,,,,,,,,,,,,,,,,,,,,,,,,,,,
0901010,0901010,Crustacean,"Portugal, Algarve (off coast)",W,43,NEP,,"Norway lobster, wild, male, edible muscle, raw",r,Nephrops norvegicus,Norway lobster,Nephrops norvegicus,,,5,Se content <40mcg/100g FW,2009,fi162,DR,2.0,,,,,110,1.99,tr,1.81,,,,,,,,,,,,,,,,,,,,,,,,,,,,,,,,,,,,,,,,,,,,,,,,,,,,,,,,,,,,,,,,,,,,,,,,,,,,,,,,
0901011,0901011,Crustacean,"Portugal, Algarve (off coast)",W,43,NEP,,"Norway lobster, wild, female, edible muscle, raw",r,Nephrops norvegicus,Norway lobster,Nephrops norvegicus,,,5,Se content <40mcg/100g FW,2009,fi162,DR,2.0,,,,,90,2,tr,1.67,,,,,,,,,,,,,,,,,,,,,,,,,,,,,,,,,,,,,,,,,,,,,,,,,,,,,,,,,,,,,,,,,,,,,,,,,,,,,,,,
0901017,0901017,Crustacean,"USA, ME, Atlantic Ocean, Gulf of Maine",W,42,CRG,,"Green crab, wild, claw meat, raw",r,Carcinus maenus,Green crab,Carcinus maenas,Nov 2000,,3,,2002,fi164,DR,2.0,,16.8,,,,,,,,,,,,,,,,,,,,,,,,,,,,,,,,,,,,,,,,,,,,,,,,,,,,,,,,,,,,,,,,,,,,,,,,,,,,,,,,,,,,,,
0901018,0901018,Crustacean,"Russia, Sea of Japan, Tatar Strait",W,44,KCD,,"Red king crab, wild, male, muscle flesh, raw",r,Paralithodes camtschaticus,Red king crab,Paralithodes camtschaticus,Summer-Autumn 2005,,1,FA converted using XFA,2009,fi165,DR,2.0,,,,,,,,,,,0.13150784,,,,,,,,,,,,,,,,,,,,,,,,,,,,,,,,,,,,,,,,,,,,,,,,,,,,,,,,,,,,,,,,,,,,,,,,,,,,,
0901019,0901019,Crustacean,"Russia, Sea of Japan, Tatar Strait",W,44,KCD,,"Red king crab, wild, male, hepatopancreas, raw",r,Paralithodes camtschaticus,Red king crab,Paralithodes camtschaticus,Summer-Autumn 2005,,1,FA converted using XFA,2009,fi165,DR,2.0,,,,,,,,,,,3.8694944,,,,,,,,,,,,,,,,,,,,,,,,,,,,,,,,,,,,,,,,,,,,,,,,,,,,,,,,,,,,,,,,,,,,,,,,,,,,,
0901020,0901020,Crustacean,"Russia, Okhotsk Sea, off Iona Island",W,44,KCI,,"Blue king crab, wild, male, muscle flesh, raw",r,Paralithodes platypus,Blue king crab,Paralithodes platypus,Summer-Autumn 2005,,1,FA converted using XFA,2009,fi165,DR,2.0,,,,,,,,,,,0.1346688,,,,,,,,,,,,,,,,,,,,,,,,,,,,,,,,,,,,,,,,,,,,,,,,,,,,,,,,,,,,,,,,,,,,,,,,,,,,,
0901021,0901021,Crustacean,"Russia, Okhotsk Sea, off Iona Island",W,44,KCI,,"Blue king crab, wild, male, hepatopancreas, raw",r,Paralithodes platypus,Blue king crab,Paralithodes platypus,Summer-Autumn 2005,,1,FA converted using XFA,2009,fi165,DR,2.0,,,,,,,,,,,5.503461,,,,,,,,,,,,,,,,,,,,,,,,,,,,,,,,,,,,,,,,,,,,,,,,,,,,,,,,,,,,,,,,,,,,,,,,,,,,,
0901022,0901022,Crustacean,"Russia, Okhotsk Sea, northeastern coast of Sakhalin Island",W,42,CRQ,,"Queen crab, wild, male, muscle flesh, raw",r,Chionoecetes opilio,Queen crab,Chionoecetes opilio,Summer-Autumn 2005,,1,FA converted using XFA,2009,fi165,DR,2.0,,,,,,,,,,,0.62746712,,,,,,,,,,,,,,,,,,,,,,,,,,,,,,,,,,,,,,,,,,,,,,,,,,,,,,,,,,,,,,,,,,,,,,,,,,,,,
0901023,0901023,Crustacean,"Russia, Okhotsk Sea, northeastern coast of Sakhalin Island",W,42,CRQ,,"Queen crab, wild, male, hepatopancreas, raw",r,Chionoecetes opilio,Queen crab,Chionoecetes opilio,Summer-Autumn 2005,,1,FA converted using XFA,2009,fi165,DR,2.0,,,,,,,,,,,2.783495,,,,,,,,,,,,,,,,,,,,,,,,,,,,,,,,,,,,,,,,,,,,,,,,,,,,,,,,,,,,,,,,,,,,,,,,,,,,,
0901024,0901024,Crustacean,"Russia, Okhotsk Sea, northeastern coast of Sakhalin Island",W,42,PCR,,"Crab, wild, male muscle flesh, raw",r,Chionoecetes angulatus,Tanner crabs nei,Chionoecetes spp,Summer-Autumn 2005,,1,FA converted using XFA,2009,fi165,DR,2.0,,,,,,,,,,,0.051644027,,,,,,,,,,,,,,,,,,,,,,,,,,,,,,,,,,,,,,,,,,,,,,,,,,,,,,,,,,,,,,,,,,,,,,,,,,,,,
0901025,0901025,Crustacean,"Russia, Okhotsk Sea, northeastern coast of Sakhalin Island",W,42,PCR,,"Crab, wild, male, hepatopancreas, raw",r,Chionoecetes angulatus,Tanner crabs nei,Chionoecetes spp,Summer-Autumn 2005,,1,FA converted using XFA,2009,fi165,DR,2.0,,,,,,,,,,,3.2333324,,,,,,,,,,,,,,,,,,,,,,,,,,,,,,,,,,,,,,,,,,,,,,,,,,,,,,,,,,,,,,,,,,,,,,,,,,,,,
0901026,0901026,Crustacean,"Russia, Okhotsk Sea, northeastern coast of Sakhalin Island",W,42,PCR,,"Crab, wild, male, muscle flesh, raw",r,Chionoecetes japonicus,Tanner crabs nei,Chionoecetes spp,Summer-Autumn 2005,,1,FA converted using XFA,2009,fi165,DR,2.0,,,,,,,,,,,0.27853632,,,,,,,,,,,,,,,,,,,,,,,,,,,,,,,,,,,,,,,,,,,,,,,,,,,,,,,,,,,,,,,,,,,,,,,,,,,,,
0901027,0901027,Crustacean,"Russia, Okhotsk Sea, northeastern coast of Sakhalin Island",W,42,PCR,,"Crab, wild, male, hepatopancreas, raw",r,Chionoecetes japonicus,Tanner crabs nei,Chionoecetes spp,Summer-Autumn 2005,,1,FA converted using XFA,2009,fi165,DR,2.0,,,,,,,,,,,2.1136386,,,,,,,,,,,,,,,,,,,,,,,,,,,,,,,,,,,,,,,,,,,,,,,,,,,,,,,,,,,,,,,,,,,,,,,,,,,,,
0901037,0901037,Crustacean,"Greece, Northern Aegean Sea",W,45,TGS,Gampari,"Caramote prawn, wild, edible flesh, raw",r,Penaeus kerathurus,Caramote prawn,Penaeus kerathurus,"Aug, Sep 2006",,,FA converted using XFA; AA expressed per DM - conversion to FW,2009,fi168,DR,2.0,,15.6,,,,,,,,,0.4908918,,,,,,,,,,,,,,,,,,,,,,,,,,,,,,,,,,,,,,,,,,,,,,,,,,,,,,,,,,,,,,,,,,,,,,,,,,,,,
0901038,0901038,Crustacean,"Korea, Tongyoung",W,45,PRA,,"Northern pink shrimp, wild, muscle flesh, raw",r,Pandalus borealis,Northern prawn,Pandalus borealis,,"mean body length and weight of shrimp: 11.2cm, 13.1g",,FA converted using XFA,2003,fi171,DR,2.0,0.481,13.4,,,,,,,,,,,,,,,,,,,,,,,,,,,,,,,,,,,,,,,,,,,,,,,,,,,,,,,,,,,,,,,,,,,,,,,,,,,,,,,,,,,,,,
0901039,0901039,Crustacean,"Korea, Tongyoung",W,45,TRV,,"Spotted shrimp, wild, muscle flesh, raw",r,Trachypenaeus curvirostris,Southern rough shrimp,Trachypenaeus curvirostris,,"mean body length and weight of shrimp: 9cm, 8.7g",,FA converted using XFA,2003,fi171,DR,2.0,0.483,14.9,,,,,,,,,,,,,,,,,,,,,,,,,,,,,,,,,,,,,,,,,,,,,,,,,,,,,,,,,,,,,,,,,,,,,,,,,,,,,,,,,,,,,,
0901040,0901040,Crustacean,"Turkey, off Karataş, east Mediterranean Sea",W,45,TIP,,"Green tiger shrimp, wild, edible muscle tissue, raw",r,Penaeus semisulcatus,Green tiger prawn,Penaeus semisulcatus,Jan 2001,"mean length and weight: 18.93cm, 63.93g",3,,2006,fi172,DR,2.0,,20.58,,,59.5,1.51,,,,,,,,,,,,,,,,,,,,,,,,,,,,,,,,,,,,,,,,,,,,,,,,,,,,,,,,,,,,,,,,,,,,,,,,,,,,,,,,,,
0901041,0901041,Crustacean,"Turkey, off Karataş, east Mediterranean Sea",W,45,TIP,,"Green tiger shrimp, wild, edible muscle tissue, raw",r,Penaeus semisulcatus,Green tiger prawn,Penaeus semisulcatus,Apr 2001,"mean length and weight: 18.93cm, 63.93g",3,,2006,fi172,DR,2.0,,20.44,,,60.3,1.58,,,,,,,,,,,,,,,,,,,,,,,,,,,,,,,,,,,,,,,,,,,,,,,,,,,,,,,,,,,,,,,,,,,,,,,,,,,,,,,,,,
0901042,0901042,Crustacean,"Turkey, off Karataş, east Mediterranean Sea",W,45,TIP,,"Green tiger shrimp, wild, edible muscle tissue, raw",r,Penaeus semisulcatus,Green tiger prawn,Penaeus semisulcatus,Jul 2001,"mean length and weight: 18.93cm, 63.93g",3,,2006,fi172,DR,2.0,,21.7,,,60.3,1.46,,,,,,,,,,,,,,,,,,,,,,,,,,,,,,,,,,,,,,,,,,,,,,,,,,,,,,,,,,,,,,,,,,,,,,,,,,,,,,,,,,
0901043,0901043,Crustacean,"Turkey, off Karataş, east Mediterranean Sea",W,45,TIP,,"Green tiger shrimp, wild, edible muscle tissue, raw",r,Penaeus semisulcatus,Green tiger prawn,Penaeus semisulcatus,Oct 2001,"mean length and weight: 18.93cm, 63.93g",3,,2006,fi172,DR,2.0,,20.48,,,61.1,1.36,,,,,,,,,,,,,,,,,,,,,,,,,,,,,,,,,,,,,,,,,,,,,,,,,,,,,,,,,,,,,,,,,,,,,,,,,,,,,,,,,,
0901044,0901044,Crustacean,"Turkey, off Karataş, east Mediterranean Sea",W,45,MPN,,"Speckled shrimp, wild, edible muscle tissue, raw",r,Metapenaeus monoceros,Speckled shrimp,Metapenaeus monoceros,Jan 2001,"mean length and weight of shrimp: 12.67cm, 16.49g",3,,2006,fi172,DR,2.0,,21.06,,,62.4,1.66,,,,,,,,,,,,,,,,,,,,,,,,,,,,,,,,,,,,,,,,,,,,,,,,,,,,,,,,,,,,,,,,,,,,,,,,,,,,,,,,,,
0901045,0901045,Crustacean,"Turkey, off Karataş, east Mediterranean Sea",W,45,MPN,,"Speckled shrimp, wild, edible muscle tissue, raw",r,Metapenaeus monoceros,Speckled shrimp,Metapenaeus monoceros,Apr 2001,"mean length and weight of shrimp: 12.67cm, 16.49g",3,,2006,fi172,DR,2.0,,21.31,,,60.4,1.55,,,,,,,,,,,,,,,,,,,,,,,,,,,,,,,,,,,,,,,,,,,,,,,,,,,,,,,,,,,,,,,,,,,,,,,,,,,,,,,,,,
0901046,0901046,Crustacean,"Turkey, off Karataş, east Mediterranean Sea",W,45,MPN,,"Speckled shrimp, wild, edible muscle tissue, raw",r,Metapenaeus monoceros,Speckled shrimp,Metapenaeus monoceros,Jul 2001,"mean length and weight of shrimp: 12.67cm, 16.49g",3,,2006,fi172,DR,2.0,,22.46,,,59.1,1.63,,,,,,,,,,,,,,,,,,,,,,,,,,,,,,,,,,,,,,,,,,,,,,,,,,,,,,,,,,,,,,,,,,,,,,,,,,,,,,,,,,
0901047,0901047,Crustacean,"Turkey, off Karataş, east Mediterranean Sea",W,45,MPN,,"Speckled shrimp, wild, edible muscle tissue, raw",r,Metapenaeus monoceros,Speckled shrimp,Metapenaeus monoceros,Oct 2001,"mean length and weight of shrimp: 12.67cm, 16.49g",3,,2006,fi172,DR,2.0,,21.91,,,59.9,1.41,,,,,,,,,,,,,,,,,,,,,,,,,,,,,,,,,,,,,,,,,,,,,,,,,,,,,,,,,,,,,,,,,,,,,,,,,,,,,,,,,,
0901052,0901052,Crustacean,"Bahrain, offshore/inshore fishing grounds",W,42,SCD,,"Crab, wild, female, meat, raw",r,Portunus pelagicus,Blue swimming crab,Portunus pelagicus,,,,FAT-/PROT- (analyzed according to AOAC 1990); CD content: tr < 20mcg/100g,2005,fi175,DR,2.0,,,,19.8,112,0.4,,2.6,,,,,,,,,,,,,,,,,,,,,,,,,,,,,,,,,,,,,,,,,,,,,,,,,,,,,,,,,,,,,,,,,,,,,,,,,,,,,,,,
0901054,0901054,Crustacean,"Bahrain, offshore/inshore fishing grounds",W,42,SCD,,"Crab, wild, male, meat, raw",r,Portunus pelagicus,Blue swimming crab,Portunus pelagicus,,,,FAT-/PROT- (analyzed according to AOAC 1990); CD content: tr < 20mcg/100g,2005,fi175,DR,2.0,,,,19.8,115,0.35,,2.3,,,,,,,,,,,,,,,,,,,,,,,,,,,,,,,,,,,,,,,,,,,,,,,,,,,,,,,,,,,,,,,,,,,,,,,,,,,,,,,,
0901125,0901125,Crustacean,"Nigeria, Lagos",W,45,GUS,,"Shrimp, wild, marine, flesh with shell, raw",r,Parapenaeopsis atlantica,Guinea shrimp,Parapenaeopsis atlantica,,EDIBLE: calc. mean of male and femal shrimp,,,1992,fi189,SE,2.0,0.5176,22.35,,,,,,,,,,,,,,,,,,,,,,,,,,,,,,,,,,,,,,,,,,,,,,,,,,,,,,,,,,,,,,,,,,,,,,,,,,,,,,,,,,,,,,
0901126,0901126,Crustacean,"Nigeria, Lagos",W,45,SOP,,"Shrimp, wild, marine, flesh with shell, raw",r,Panaeus notialis,Southern pink shrimp,Penaeus notialis,,EDIBLE: calc. mean of male and femal shrimp,,,1992,fi189,SE,2.0,0.52,24.54,,,,,,,,,,,,,,,,,,,,,,,,,,,,,,,,,,,,,,,,,,,,,,,,,,,,,,,,,,,,,,,,,,,,,,,,,,,,,,,,,,,,,,
0901127,0901127,Crustacean,"Nigeria, Warri/Calabar",W,45,CPR,,"Shrimp, wild, brackishwater, flesh with shell, raw",r,Palaemon serratus,Common prawn,Palaemon serratus,,EDIBLE: calc. mean of male and femal shrimp,,,1992,fi189,SE,2.0,0.51945,25.7,,,,,,,,,,,,,,,,,,,,,,,,,,,,,,,,,,,,,,,,,,,,,,,,,,,,,,,,,,,,,,,,,,,,,,,,,,,,,,,,,,,,,,
0901134,0901134,Crustacean,"USA, North of South Georgia, South Atlantic Ocean",W,46,KRI,,"Antarctic krill, wild, whole, raw",r,Euphausia superba,Antarctic krill,Euphausia superba,Jan/Feb 1996,values given as mg/kg,,,1999,fi200,VN,2.0,,,,,,,,,,,,,,,,,,,,,,,,,,,,,,,,,,,,,,,,,,,,,,,,,,,,,,,,,,,,,,,,,,,,,,,,,,,,,,,,,,,,,,,,
0901156,0901136,Crustacean,"Brazil, São Paulo",W,45,BOB,Sete Barbas,"Atlantic seabob, wild, flesh, small size, raw",r,Xiphopenaeus kroyeri,Atlantic seabob,Xiphopenaeus kroyeri,,"mean length and weight of shrimp: 10.0cm, 7g",5,"FASAT, FAMS, FAPU, FAPUN3, FAPUN6 calculated by summation of individual FA",2001,fi205,VN,2.0,,,,,,,,,,,0.1993,,,,,,,,,,,,,,,,,,,,,,,,,,,,,,,,,,,,,,,,,,,,,,,,,,,,,,,,,,,,,,,,,,,,,,,,,,,,,
0901157,0901137,Crustacean,"Brazil, São Paulo",W,45,PNB,Camarão rosa,"Redspotted shrimp, wild, flesh, medium size, raw",r,Panaeus brasiliensis,Redspotted shrimp,Panaeus brasiliensis,,"mean length and weight of shrimp: 15.8cm, 28g",5,"FASAT, FAMS, FAPU, FAPUN3, FAPUN6 calculated by summation of individual FA",2001,fi205,VN,2.0,,,,,,,,,,,0.235,,,,,,,,,,,,,,,,,,,,,,,,,,,,,,,,,,,,,,,,,,,,,,,,,,,,,,,,,,,,,,,,,,,,,,,,,,,,,
0901158,0901138,Crustacean,"Brazil, Santa Catarina",W,45,PNB,Camarão rosa,"Redspotted shrimp, wild, flesh, medium size, raw",r,Panaeus brasiliensis,Redspotted shrimp,Panaeus brasiliensis,,"mean length and weight of shrimp: 16.3cm, 24g",5,"FASAT, FAMS, FAPU, FAPUN3, FAPUN6 calculated by summation of individual FA",2001,fi205,VN,2.0,,,,,,,,,,,0.188,,,,,,,,,,,,,,,,,,,,,,,,,,,,,,,,,,,,,,,,,,,,,,,,,,,,,,,,,,,,,,,,,,,,,,,,,,,,,
0901159,0901139,Crustacean,"Brazil, Santa Catarina",W,45,PNB,Camarão rosa,"Redspotted shrimp, wild, flesh, large size, raw",r,Panaeus brasiliensis,Redspotted shrimp,Panaeus brasiliensis,,"mean length and weight of shrimp: 20.0cm, 60g",5,"FASAT, FAMS, FAPU, FAPUN3, FAPUN6 calculated by summation of individual FA",2001,fi205,VN,2.0,,,,,,,,,,,0.2222,,,,,,,,,,,,,,,,,,,,,,,,,,,,,,,,,,,,,,,,,,,,,,,,,,,,,,,,,,,,,,,,,,,,,,,,,,,,,
0901160,0901140,Crustacean,"Brazil, Santa Catarina",W,45,PNT,Camarão legítimo,"Southern white shrimp, wild, flesh, medium size, raw",r,Panaeus schimitti,Southern white shrimp,Penaeus schmitti,,"mean length and weight of shrimp: 15.7cm, 30g",5,"FASAT, FAMS, FAPU, FAPUN3, FAPUN6 calculated by summation of individual FA",2001,fi205,VN,2.0,,,,,,,,,,,0.1649,,,,,,,,,,,,,,,,,,,,,,,,,,,,,,,,,,,,,,,,,,,,,,,,,,,,,,,,,,,,,,,,,,,,,,,,,,,,,
0901161,0901141,Crustacean,"Brazil, Santa Catarina",W,45,PNT,Camarão legítimo,"Southern white shrimp, wild, flesh, large size, raw",r,Panaeus schimitti,Southern white shrimp,Penaeus schmitti,,"mean length and weight of shrimp: 19.2cm,55g",5,"FASAT, FAMS, FAPU, FAPUN3, FAPUN6 calculated by summation of individual FA",2001,fi205,VN,2.0,,,,,,,,,,,0.1836,,,,,,,,,,,,,,,,,,,,,,,,,,,,,,,,,,,,,,,,,,,,,,,,,,,,,,,,,,,,,,,,,,,,,,,,,,,,,
0901162,0901142,Crustacean,"Turkey, Sinop Peninsula, Black Sea",W,45,CSH,,"Brown shrimp, wild, deheaded, peeled, raw",r,Crangon crangon,Common shrimp,Crangon crangon,Jun 2007,"mean length and weight of shrimp: 5cm, 1g",1,FA converted using XFA,2011,fi206,VN,2.0,0.41,18.47,,,,,,,,,0.14145904,,,,,,,,,,,,,,,,,,,,,,,,,,,,,,,,,,,,,,,,,,,,,,,,,,,,,,,,,,,,,,,,,,,,,,,,,,,,,
0901184,0901164,Crustacean,"China, Hubei province, Jingxingyue Lake",W,41,ERS,,"Chinese mitten crab, farmed, female, lake-stocked, gonads, raw",r,Eriocheir sinensis,Chinese mitten crab,Eriocheir sinensis,Nov 2002,"natural food: aqatic plants, algae, zoobenthos; mean carapace length and body weight: 5.77cm, 104.96g",,FA converted using XFA,2007,fi218,VN,2.0,0.1201,34.66,,,,,,,,,0.749169,,,,,,,,,,,,,,,,,,,,,,,,,,,,,,,,,,,,,,,,,,,,,,,,,,,,,,,,,,,,,,,,,,,,,,,,,,,,,
0901185,0901165,Crustacean,"China, Hubei province, Jingxingyue Lake",W,41,ERS,,"Chinese mitten crab, farmed, female, lake-stocked, muscle, raw",r,Eriocheir sinensis,Chinese mitten crab,Eriocheir sinensis,Nov 2002,"natural food: aqatic plants, algae, zoobenthos; mean carapace length and body weight: 5.77cm, 104.96g",,FA converted using XFA,2007,fi218,VN,2.0,0.2289,20.71,,,,,,,,,0.22570716,,,,,,,,,,,,,,,,,,,,,,,,,,,,,,,,,,,,,,,,,,,,,,,,,,,,,,,,,,,,,,,,,,,,,,,,,,,,,
0901186,0901166,Crustacean,"China, Hubei province, Jingxingyue Lake",W,41,ERS,,"Chinese mitten crab, farmed, male, lake-stocked, muscle, raw",r,Eriocheir sinensis,Chinese mitten crab,Eriocheir sinensis,Nov 2002,"natural food: aqatic plants, algae, zoobenthos; mean carapace length and body weight: 6.04cm, 140.23g",,FA converted using XFA,2007,fi218,VN,2.0,0.2482,18.48,,,,,,,,,0.31205644,,,,,,,,,,,,,,,,,,,,,,,,,,,,,,,,,,,,,,,,,,,,,,,,,,,,,,,,,,,,,,,,,,,,,,,,,,,,,
0901187,0901167,Crustacean,"China, Hainan Island, Beibu Gulf",W,42,SCD,,"Blue swimmer crab, wild, meat, female, raw",r,Portunus pelagicus,Blue swimming crab,Portunus pelagicus,mean body weight: 207g,,,"CHO- (phenolsulphuric acid method, Kochert, 1978); total edible yield (meat+hepatopancreas+gonads)= 44.3%; FA converted using XFA",2010,fi219,VN,2.0,,18.4,,,,,,,,,0.21493284,,,,,,,,,,,,,,,,,,,,,,,,,,,,,,,,,,,,,,,,,,,,,,,,,,,,,,,,,,,,,,,,,,,,,,,,,,,,,
0901188,0901168,Crustacean,"China, Hainan Island, Beibu Gulf",W,42,SCD,,"Blue swimmer crab, wild, meat, male, raw",r,Portunus pelagicus,Blue swimming crab,Portunus pelagicus,mean body weight: 225g,,,"CHO- (phenolsulphuric acid method, Kochert, 1978); total edible yield (meat+ hepatopancreas+gonads)= 35.9%; FA converted using XFA",2010,fi219,VN,2.0,,16.9,,,,,,,,,0.132756,,,,,,,,,,,,,,,,,,,,,,,,,,,,,,,,,,,,,,,,,,,,,,,,,,,,,,,,,,,,,,,,,,,,,,,,,,,,,
0901189,0901169,Crustacean,"China, Hainan Island, Beibu Gulf",W,42,SCD,,"Blue swimmer crab, wild, gonads, female, raw",r,Portunus pelagicus,Blue swimming crab,Portunus pelagicus,mean body weight: 207g,,,"CHO- (phenolsulphuric acid method, Kochert, 1978); total edible yield (meat+ hepatopancreas+gonads)= 44.3%; FA converted using XFA",2010,fi219,VN,2.0,,25.5,,,,,,,,,1.1041704,,,,,,,,,,,,,,,,,,,,,,,,,,,,,,,,,,,,,,,,,,,,,,,,,,,,,,,,,,,,,,,,,,,,,,,,,,,,,
0901190,0901170,Crustacean,"China, Hainan Island, Beibu Gulf",W,42,SCD,,"Blue swimmer crab, wild, gonads, male, raw",r,Portunus pelagicus,Blue swimming crab,Portunus pelagicus,mean body weight: 225g,,,"CHO- (phenolsulphuric acid method, Kochert, 1978); total edible yield (meat+ hepatopancreas+gonads)= 35.9%; FA converted using XFA",2010,fi219,VN,2.0,,22.9,,,,,,,,,0.301576,,,,,,,,,,,,,,,,,,,,,,,,,,,,,,,,,,,,,,,,,,,,,,,,,,,,,,,,,,,,,,,,,,,,,,,,,,,,,
0901191,0901171,Crustacean,"Portugal, Algarve, off the south coast",W,45,ARA,,"Red shrimp, wild, edible flesh, raw",r,Aristeus antennatus,Blue and red shrimp,Aristeus antennatus,Winter (Dec) 2000,carapace length: 2.6-3.5cm,,FAT-/PROT- (analyzed according to AOAC 1998); FA converted using XFA; Lipid fractions calculated based on FAT (proximate),2003,fi220,DR,2.0,,,,21.4,,,,,,,,,,,,,,,,,,,,,,,,,,,,,,,,,,,,,,,,,,,,,,,,,,,,,,,,,,,,,,,,,,,,,,,,,,,,,,,,,,,,
0901192,0901172,Crustacean,"Portugal, Algarve, off the south coast",W,45,ARA,,"Red shrimp, wild, edible flesh, raw",r,Aristeus antennatus,Blue and red shrimp,Aristeus antennatus,Summer (Jun) 2001,carapace length: 2.6-3.5cm,,FAT-/PROT- (analyzed according to AOAC 1998); FA converted using XFA; Lipid fractions calculated based on FAT (proximate),2003,fi220,DR,2.0,,,,22,,,,,,,,,,,,,,,,,,,,,,,,,,,,,,,,,,,,,,,,,,,,,,,,,,,,,,,,,,,,,,,,,,,,,,,,,,,,,,,,,,,,
0901193,0901173,Crustacean,"Portugal, Algarve, off the south coast",W,45,DPS,,"Pink shrimp, wild, edible flesh, raw",r,Parapenaeus longirostris,Deep-water rose shrimp,Parapenaeus longirostris,Winter (Dec) 2000,carapace length: 2-2.5cm,,FAT-/PROT- (analyzed according to AOAC 1998); FA converted using XFA; Lipid fractions calculated based on FAT (proximate),2003,fi220,DR,2.0,,,,20.8,,,,,,,,,,,,,,,,,,,,,,,,,,,,,,,,,,,,,,,,,,,,,,,,,,,,,,,,,,,,,,,,,,,,,,,,,,,,,,,,,,,,
0901194,0901174,Crustacean,"Portugal, Algarve, off the south coast",W,45,DPS,,"Pink shrimp, wild, edible flesh, raw",r,Parapenaeus longirostris,Deep-water rose shrimp,Parapenaeus longirostris,Summer (Jun) 2001,carapace length: 2-2.5cm,,FAT-/PROT- (analyzed according to AOAC 1998); FA converted using XFA; Lipid fractions calculated based on FAT (proximate),2003,fi220,DR,2.0,,,,21.3,,,,,,,,,,,,,,,,,,,,,,,,,,,,,,,,,,,,,,,,,,,,,,,,,,,,,,,,,,,,,,,,,,,,,,,,,,,,,,,,,,,,
0901195,0901175,Crustacean,"Portugal, Algarve, off the south coast",W,43,NEP,,"Norway lobster, wild edible flesh, raw",r,Nephrops norvegicus,Norway lobster,Nephrops norvegicus,Winter (Dec) 2000,carapace length: 2.2-2.8cm,,FAT-/PROT- (analyzed according to AOAC 1998); FA converted using XFA; Lipid fractions calculated based on FAT (proximate),2003,fi220,DR,2.0,,,,20.4,,,,,,,,,,,,,,,,,,,,,,,,,,,,,,,,,,,,,,,,,,,,,,,,,,,,,,,,,,,,,,,,,,,,,,,,,,,,,,,,,,,,
0901196,0901176,Crustacean,"Portugal, Algarve, off the south coast",W,43,NEP,,"Norway lobster, wild edible flesh, raw",r,Nephrops norvegicus,Norway lobster,Nephrops norvegicus,Summer (Jun) 2001,carapace length: 2.2-2.8cm,,FAT-/PROT- (analyzed according to AOAC 1998); FA converted using XFA; Lipid fractions calculated based on FAT (proximate),2003,fi220,DR,2.0,,,,21.2,,,,,,,,,,,,,,,,,,,,,,,,,,,,,,,,,,,,,,,,,,,,,,,,,,,,,,,,,,,,,,,,,,,,,,,,,,,,,,,,,,,,
0901197,0901177,Crustacean,"Turkey, Gulf of Antalya, Mediterranean Sea",W,42,CRB,,"Blue crab, wild, claw meat, raw",r,Callinectes sapidus,Blue crab,Callinectes sapidus,Jul 2001,"mean length and weight: 4.85cm, 73.28g",,,2003,fi221,DR,2.0,,15,,,,,,,,,,,,,,,,,,,,,,,,,,,,,,,,,,,,,,,,,,,,,,,,,,,,,,,,,,,,,,,,,,,,,,,,,,,,,,,,,,,,,,
0901198,0901178,Crustacean,"Turkey, Gulf of Antalya, Mediterranean Sea",W,42,CRB,,"Blue crab, wild, body meat, raw",r,Callinectes sapidus,Blue crab,Callinectes sapidus,Jul 2001,"mean length and weight: 4.85cm, 73.28g",,,2003,fi221,DR,2.0,,14.71,,,,,,,,,,,,,,,,,,,,,,,,,,,,,,,,,,,,,,,,,,,,,,,,,,,,,,,,,,,,,,,,,,,,,,,,,,,,,,,,,,,,,,
0901199,0901179,Crustacean,"Turkey, Gulf of Antalya, Mediterranean Sea",W,42,SCD,,"Swim crab, wild, claw meat, raw",r,Portunus pelagicus,Blue swimming crab,Portunus pelagicus,Jul 2001,"mean length and weight:6.15cm, 173.03g",,,2003,fi221,DR,2.0,,21.54,,,,,,,,,,,,,,,,,,,,,,,,,,,,,,,,,,,,,,,,,,,,,,,,,,,,,,,,,,,,,,,,,,,,,,,,,,,,,,,,,,,,,,
0901200,0901180,Crustacean,"Turkey, Gulf of Antalya, Mediterranean Sea",W,42,SCD,,"Swim crab, wild, body meat, raw",r,Portunus pelagicus,Blue swimming crab,Portunus pelagicus,Jul 2001,"mean length and weight:6.15cm, 173.03g",,,2003,fi221,DR,2.0,,22.64,,,,,,,,,,,,,,,,,,,,,,,,,,,,,,,,,,,,,,,,,,,,,,,,,,,,,,,,,,,,,,,,,,,,,,,,,,,,,,,,,,,,,,
0901201,0901181,Crustacean,"Italy, Mediterranean Sea, Ligurian and Northern Tyrrhenian Sea",W,45,ARS,,"Giant red shrimp, wild, female, edible flesh, raw",r,Aristaeomorpha foliacea,Giant red shrimp,Aristaeomorpha foliacea,May-Jun 2008,,,FAT- (extraction according to Peiretti and meineri 2008); FA converted using XFA; Proximates expressed per DM - conversion to FW,2012,fi222,DR,2.0,,22.6625,,,,,,,,,,,,,,,,,,,,,,,,,,,,,,,,,,,,,,,,,,,,,,,,,,,,,,,,,,,,,,,,,,,,,,,,,,,,,,,,,,,,,,
0901202,0901182,Crustacean,"Italy, Mediterranean Sea, Ligurian and Northern Tyrrhenian Sea",W,45,ARS,,"Giant red shrimp, wild, male, edible flesh, raw",r,Aristaeomorpha foliacea,Giant red shrimp,Aristaeomorpha foliacea,May-Jun 2008,,,FAT- (extraction according to Peiretti and meineri 2008); FA converted using XFA; Proximates expressed per DM - conversion to FW,2012,fi222,DR,2.0,,24.0298,,,,,,,,,,,,,,,,,,,,,,,,,,,,,,,,,,,,,,,,,,,,,,,,,,,,,,,,,,,,,,,,,,,,,,,,,,,,,,,,,,,,,,
0901203,0901183,Crustacean,"Tunisia, Mediterranean Sea",W,45,ARS,,"Giant red shrimp, wild, female, edible flesh, raw",r,Aristaeomorpha foliacea,Giant red shrimp,Aristaeomorpha foliacea,May-Jun 2008,,,FAT- (extraction according to Peiretti and meineri 2008); FA converted using XFA; Proximates expressed per DM - conversion to FW,2012,fi222,DR,2.0,,22.022,,,,,,,,,,,,,,,,,,,,,,,,,,,,,,,,,,,,,,,,,,,,,,,,,,,,,,,,,,,,,,,,,,,,,,,,,,,,,,,,,,,,,,
0901204,0901184,Crustacean,"Tunisia, Mediterranean Sea",W,45,ARS,,"Giant red shrimp, wild, male, edible flesh, raw",r,Aristaeomorpha foliacea,Giant red shrimp,Aristaeomorpha foliacea,May-Jun 2008,,,FAT- (extraction according to Peiretti and meineri 2008); FA converted using XFA; Proximates expressed per DM - conversion to FW,2012,fi222,DR,2.0,,20.3109,,,,,,,,,,,,,,,,,,,,,,,,,,,,,,,,,,,,,,,,,,,,,,,,,,,,,,,,,,,,,,,,,,,,,,,,,,,,,,,,,,,,,,
0901205,0901185,Crustacean,"Italy, South of Sicily, Mediterranean Sea",W,45,ARS,,"Giant red shrimp, wild, female, edible flesh, raw",r,Aristaeomorpha foliacea,Giant red shrimp,Aristaeomorpha foliacea,May-Jun 2008,,,FAT- (extraction according to Peiretti and meineri 2008); FA converted using XFA; Proximates expressed per DM - conversion to FW,2012,fi222,DR,2.0,,22.3652,,,,,,,,,,,,,,,,,,,,,,,,,,,,,,,,,,,,,,,,,,,,,,,,,,,,,,,,,,,,,,,,,,,,,,,,,,,,,,,,,,,,,,
0901206,0901186,Crustacean,"Italy, South of Sicily, Mediterranean Sea",W,45,ARS,,"Giant red shrimp, wild, male, edible flesh, raw",r,Aristaeomorpha foliacea,Giant red shrimp,Aristaeomorpha foliacea,May-Jun 2008,,,FAT- (extraction according to Peiretti and meineri 2008); FA converted using XFA; Proximates expressed per DM - conversion to FW,2012,fi222,DR,2.0,,23.9184,,,,,,,,,,,,,,,,,,,,,,,,,,,,,,,,,,,,,,,,,,,,,,,,,,,,,,,,,,,,,,,,,,,,,,,,,,,,,,,,,,,,,,
0901207,0901187,Crustacean,"Libia, Mediterranean Sea, Southern Ionian Sea",W,45,ARS,,"Giant red shrimp, wild, female, edible flesh, raw",r,Aristaeomorpha foliacea,Giant red shrimp,Aristaeomorpha foliacea,May-Jun 2008,,,FAT- (extraction according to Peiretti and meineri 2008); FA converted using XFA; Proximates expressed per DM - conversion to FW,2012,fi222,DR,2.0,,21.8624,,,,,,,,,,,,,,,,,,,,,,,,,,,,,,,,,,,,,,,,,,,,,,,,,,,,,,,,,,,,,,,,,,,,,,,,,,,,,,,,,,,,,,
0901208,0901188,Crustacean,"Libia, Mediterranean Sea, Southern Ionian Sea",W,45,ARS,,"Giant red shrimp, wild, male, edible flesh, raw",r,Aristaeomorpha foliacea,Giant red shrimp,Aristaeomorpha foliacea,May-Jun 2008,,,FAT- (extraction according to Peiretti and meineri 2008); FA converted using XFA; Proximates expressed per DM - conversion to FW,2012,fi222,DR,2.0,,24.6326,,,,,,,,,,,,,,,,,,,,,,,,,,,,,,,,,,,,,,,,,,,,,,,,,,,,,,,,,,,,,,,,,,,,,,,,,,,,,,,,,,,,,,
0901209,0901189,Crustacean,"Greece, Crete, Mediterranean Sea",W,45,ARS,,"Giant red shrimp, wild, female, edible flesh, raw",r,Aristaeomorpha foliacea,Giant red shrimp,Aristaeomorpha foliacea,May-Jun 2008,,,FAT- (extraction according to Peiretti and meineri 2008); FA converted using XFA; Proximates expressed per DM - conversion to FW,2012,fi222,DR,2.0,,22.23,,,,,,,,,,,,,,,,,,,,,,,,,,,,,,,,,,,,,,,,,,,,,,,,,,,,,,,,,,,,,,,,,,,,,,,,,,,,,,,,,,,,,,
0901210,0901190,Crustacean,"Greece, Crete, Mediterranean Sea",W,45,ARS,,"Giant red shrimp, wild, male, edible flesh, raw",r,Aristaeomorpha foliacea,Giant red shrimp,Aristaeomorpha foliacea,May-Jun 2008,,,FAT- (extraction according to Peiretti and meineri 2008); FA converted using XFA; Proximates expressed per DM - conversion to FW,2012,fi222,DR,2.0,,22.8588,,,,,,,,,,,,,,,,,,,,,,,,,,,,,,,,,,,,,,,,,,,,,,,,,,,,,,,,,,,,,,,,,,,,,,,,,,,,,,,,,,,,,,
0901223,0901203,Crustacean,"Poland, Brda River mouth",W,41,ORL,,"Spinycheek crayfish, wild, male, meat, raw",r,Orconectes limosus Raf,Spinycheek crayfish,Orconectes limosus,"Mar, Apr 2008",,4,FA converted using XFA,2010,fi228,SE,2.0,,,,,,,,,,,0.027076803,,,,,,,,,,,,,,,,,,,,,,,,,,,,,,,,,,,,,,,,,,,,,,,,,,,,,,,,,,,,,,,,,,,,,,,,,,,,,
0901224,0901204,Crustacean,"Poland, Lake Gopło",W,41,ORL,,"Spinycheek crayfish, wild, male, meat, raw",r,Orconectes limosus Raf,Spinycheek crayfish,Orconectes limosus,"Mar, Apr 2008",,5,FA converted using XFA,2010,fi228,SE,2.0,,,,,,,,,,,0.032742203,,,,,,,,,,,,,,,,,,,,,,,,,,,,,,,,,,,,,,,,,,,,,,,,,,,,,,,,,,,,,,,,,,,,,,,,,,,,,
0901226,0901206,Crustacean,"Greece, Argolicos Bay",W,43,NEP,,"Langoustine, wild, edible muscle raw",r,Nephrops norvegicus,Norway lobster,Nephrops norvegicus,Oct,"mean length and weight: 17.5cm, 33.5g",,,2010,fi232,SE,2.0,,,,,,,,,,,0.146461,,,,,,,,,,,,,,,,,,,,,,,,,,,,,,,,,,,,,,,,,,,,,,,,,,,,,,,,,,,,,,,,,,,,,,,,,,,,,
0901227,0901207,Crustacean,"Greece, Argolicos Bay",W,43,SLO,,"Lobster, wild, edible muscle, raw",r,Palinurus vulgaris,Common spiny lobster,Palinurus elephas,Oct,"mean length and weight: 25.5cm, 380g",,,2010,fi232,SE,2.0,,,,,,,,,,,0.13704339,,,,,,,,,,,,,,,,,,,,,,,,,,,,,,,,,,,,,,,,,,,,,,,,,,,,,,,,,,,,,,,,,,,,,,,,,,,,,
0901228,0901208,Crustacean,"Greece, North Aegean Sea, Platmona bay",W,45,TGS,,"Shrimp, wild, edible muscle, raw",r,Penaeus kerathurus,Caramote prawn,Penaeus kerathurus,Oct,"mean length and weight: 16.7cm, 28.5g",,,2010,fi232,SE,2.0,,,,,,,,,,,0.3014973,,,,,,,,,,,,,,,,,,,,,,,,,,,,,,,,,,,,,,,,,,,,,,,,,,,,,,,,,,,,,,,,,,,,,,,,,,,,,
0901229,0901209,Crustacean,"India, off the west coast",W,45,GIT,,"Shrimp, edible meat, raw",r,Penaeus monodon,Giant tiger prawn,Penaeus monodon,Jul-Dec,,,,2005,fi238,DR,2.0,0.513,,,,,,,,,,,,,,,,,,,,,,,,,,,,,,,,,,,,,,,,,,,,,,,,,,,,,,,,,,,,,,,,,,,,,,,,,,,,,,,,,,,,,,,
0901230,0901210,Crustacean,"India, off the west coast",W,45,PNI,,"Shrimp, edible meat, raw",r,Penaeus indicus,Indian white prawn,Penaeus indicus,Jul-Dec,,,,2005,fi238,DR,2.0,0.515,,,,,,,,,,,,,,,,,,,,,,,,,,,,,,,,,,,,,,,,,,,,,,,,,,,,,,,,,,,,,,,,,,,,,,,,,,,,,,,,,,,,,,,
0901231,0901211,Crustacean,"India, off the west coast",W,45,MPD,,"Shrimp, edible meat, raw",r,Metapenaeus dobsonii,Kadal shrimp,Metapenaeus dobsoni,Jul-Dec,,,,2005,fi238,DR,2.0,0.514,,,,,,,,,,,,,,,,,,,,,,,,,,,,,,,,,,,,,,,,,,,,,,,,,,,,,,,,,,,,,,,,,,,,,,,,,,,,,,,,,,,,,,,
0901232,0901212,Crustacean,"India, off the west coast",W,45,NAY,,"Shrimp, edible meat, raw",r,Parapenaeopsis stylifera,Kiddi shrimp,Parapenaeopsis stylifera,Jul-Dec,,,,2005,fi238,DR,2.0,0.44,,,,,,,,,,,,,,,,,,,,,,,,,,,,,,,,,,,,,,,,,,,,,,,,,,,,,,,,,,,,,,,,,,,,,,,,,,,,,,,,,,,,,,,
0901233,0901213,Crustacean,"Turkey, Karataş, Mediterranean Sea",W,45,TIP,,"Shrimp, wild, edible muscle, raw",r,Penaeus semisulcatus,Green tiger prawn,Penaeus semisulcatus,Winter (Jan),mean body weight: 60.8g,4,,2004,fi239,DR,2.0,,,,,,,,,,,,,,,,,,,,,,,,,,,,,,,,,,,,,,,,,,,,,,,,,,,,,,,,,,,,,,,,,,,,,,,,,,,,,,,,,,,,,,,,
0901234,0901214,Crustacean,"Turkey, Karataş, Mediterranean Sea",W,45,TIP,,"Shrimp, wild, edible muscle, raw",r,Penaeus semisulcatus,Green tiger prawn,Penaeus semisulcatus,Spring (Apr),mean body weight: 65.4g,4,,2004,fi239,DR,2.0,,,,,,,,,,,,,,,,,,,,,,,,,,,,,,,,,,,,,,,,,,,,,,,,,,,,,,,,,,,,,,,,,,,,,,,,,,,,,,,,,,,,,,,,
0901235,0901215,Crustacean,"Turkey, Karataş, Mediterranean Sea",W,45,TIP,,"Shrimp, wild, edible muscle, raw",r,Penaeus semisulcatus,Green tiger prawn,Penaeus semisulcatus,Summer (Jul),mean body weight: 64.7g,4,,2004,fi239,DR,2.0,,,,,,,,,,,,,,,,,,,,,,,,,,,,,,,,,,,,,,,,,,,,,,,,,,,,,,,,,,,,,,,,,,,,,,,,,,,,,,,,,,,,,,,,
0901236,0901216,Crustacean,"Turkey, Karataş, Mediterranean Sea",W,45,TIP,,"Shrimp, wild, edible muscle, raw",r,Penaeus semisulcatus,Green tiger prawn,Penaeus semisulcatus,Autumn (Oct) ,mean body weight: 68g,4,,2004,fi239,DR,2.0,,,,,,,,,,,,,,,,,,,,,,,,,,,,,,,,,,,,,,,,,,,,,,,,,,,,,,,,,,,,,,,,,,,,,,,,,,,,,,,,,,,,,,,,
0901237,0901217,Crustacean,"Turkey, Karataş, Mediterranean Sea",W,45,MPN,,"Shrimp, wild, edible muscle, raw",r,Metapenaeus monoceros,Speckled shrimp,Metapenaeus monoceros,Winter (Jan),mean body weight: 18.0g,4,,2004,fi239,DR,2.0,,,,,,,,,,,,,,,,,,,,,,,,,,,,,,,,,,,,,,,,,,,,,,,,,,,,,,,,,,,,,,,,,,,,,,,,,,,,,,,,,,,,,,,,
0901238,0901218,Crustacean,"Turkey, Karataş, Mediterranean Sea",W,45,MPN,,"Shrimp, wild, edible muscle, raw",r,Metapenaeus monoceros,Speckled shrimp,Metapenaeus monoceros,Spring (Apr),mean body weight: 14.4g,4,,2004,fi239,DR,2.0,,,,,,,,,,,,,,,,,,,,,,,,,,,,,,,,,,,,,,,,,,,,,,,,,,,,,,,,,,,,,,,,,,,,,,,,,,,,,,,,,,,,,,,,
0901239,0901219,Crustacean,"Turkey, Karataş, Mediterranean Sea",W,45,MPN,,"Shrimp, wild, edible muscle, raw",r,Metapenaeus monoceros,Speckled shrimp,Metapenaeus monoceros,Summer (Jul),mean body weight: 16.3g,4,,2004,fi239,DR,2.0,,,,,,,,,,,,,,,,,,,,,,,,,,,,,,,,,,,,,,,,,,,,,,,,,,,,,,,,,,,,,,,,,,,,,,,,,,,,,,,,,,,,,,,,
0901240,0901220,Crustacean,"Turkey, Karataş, Mediterranean Sea",W,45,MPN,,"Shrimp, wild, edible muscle, raw",r,Metapenaeus monoceros,Speckled shrimp,Metapenaeus monoceros,Autumn (Oct) ,mean body weight: 17.3g,4,,2004,fi239,DR,2.0,,,,,,,,,,,,,,,,,,,,,,,,,,,,,,,,,,,,,,,,,,,,,,,,,,,,,,,,,,,,,,,,,,,,,,,,,,,,,,,,,,,,,,,,
0901257,0901237,Crustacean,"Iceland, North Atlantic",W,43,NEP,Humar,"Lobster, wild, raw",r,Nephrops norvegicus,Norway lobster,Nephrops norvegicus,,data entered without mean/max/SD,5,,2011,im11,OR,2.0,,17.6,,,72,2.66,54.6,1.05,,,,,,,,,,,,,,,,,,,,,,,,,,,,,,,,,,,,,,,,,,,,,,,,,,,,,,,,,,,,,,,,,,,,,,,,,,,,,,,,
0901265,0901245,Crustacean,"Iceland, North Atlantic",W,43,NEP,Humar,"Lobster, wild, raw",r,Nephrops norvegicus,Norway lobster,Nephrops norvegicus,,,,FAME converted using ShF and XFA,2011,im11,OR,2.0,,,,,,,,,,,0.1085596,,,,,,,,,,,,,,,,,,,,,,,,,,,,,,,,,,,,,,,,,,,,,,,,,,,,,,,,,,,,,,,,,,,,,,,,,,,,,
0901266,0901246,Crustacean,"Iceland, North Atlantic",W,43,NEP,Humar,"Lobster, wild, raw",r,Nephrops norvegicus,Norway lobster,Nephrops norvegicus,,,,FAME converted using ShF and XFA,2011,im11,OR,2.0,,,,,,,,,,,0.071881634,,,,,,,,,,,,,,,,,,,,,,,,,,,,,,,,,,,,,,,,,,,,,,,,,,,,,,,,,,,,,,,,,,,,,,,,,,,,,
0901267,0901247,Crustacean,"Iceland, North Atlantic",W,43,NEP,Humar,"Lobster, wild, raw",r,Nephrops norvegicus,Norway lobster,Nephrops norvegicus,,,,FAME converted using ShF and XFA,2011,im11,OR,2.0,,,,,,,,,,,0.169311079,,,,,,,,,,,,,,,,,,,,,,,,,,,,,,,,,,,,,,,,,,,,,,,,,,,,,,,,,,,,,,,,,,,,,,,,,,,,,
0902188,,Crustacean,"Laos, Champasak and Savannakhet, rice field ecosystems",W,41,,Pou,"Freshwater crab, wild, (only dorsal and ventral carapace peeled), raw",r,Potamon sp.,,Palaemonidae,dry season,,3,FA converted using XFA,2010,fi103,DR,2.1,,16.3,,,6800,10,,3.1,,,0.013421196,,,,,,,,,,,,,,,,,,,,,,,,,,,,,,,,,,,,,,,,,,,,,,,,,,,,,,,,,,,,,,,,,,,,,,,,,,,,,
0902223,,Crustacean,Unknown,W,46,KRX,,"Antarctic krill, wild, whole, raw",r,Euphausia sp,Antarctic krill nei,Euphausia spp,,,1,"CHOL- (cholesterol determination with ferric chloride method, Rudel and Morris 1973)",1999,fi155,DR,2.1,,,,,,,,,,,,,,,,,,,,,,,,,,,,,,,,,,,,,,,,,,,,,,,,,,,,,,,,,,,,,,,,,,,,,,,,,,,,,,,,,,,,,,,,
0902224,,Crustacean,Unknown,W,46,KRX,,"Antarctic krill, wild, tailmeat, raw",r,Euphausia sp,Antarctic krill nei,Euphausia spp,,,1,"CHOL- (cholesterol determination with ferric chloride method, Rudel and Morris 1973)",1999,fi155,DR,2.1,,,,,,,,,,,,,,,,,,,,,,,,,,,,,,,,,,,,,,,,,,,,,,,,,,,,,,,,,,,,,,,,,,,,,,,,,,,,,,,,,,,,,,,,
0902242,,Crustacean,"Bangladesh, Kishoreeganj/Mymensingh district",W,41,PPF,Chingri,"River prawn, edible parts (eyes excluded), raw",r,Macrobracium spp.,River prawns nei,Macrobrachium spp.,"Sep, Oct",prawn cleaned according to local practices,,additional data received from author; RETOLDH: sum of 13-cis and all-trans dehydroretinol,2002,fi199,DR,2.1,0.87,,,,,,,,,,,,,,,,,,,,,,,,,,,,,,,,,,,,,,,,,,,,,,,,,,,,,,,,,,,,,,,,,,,,,,,,,,,,,,,,,,,,,,,
0902280,,Crustacean,"Italy, Egadi Islands",W,43,SLO,,"Common spinylobster, wild, fillet, raw",r,Palinurus elephas,Common spinylobster,Palinurus elephas,Jun/Jul 2003,weight: 1000-1700g,1,,2006,fi65,DR,2.1,,18.11,,,,,,,,,,,,,,,,,,,,,,,,,,,,,,,,,,,,,,,,,,,,,,,,,,,,,,,,,,,,,,,,,,,,,,,,,,,,,,,,,,,,,,
0902318,,Crustacean,"Bangladesh, Khulna",W,45,MPN,Harina Chingri,"Speckled shrimp, wild, raw",r,Metapenaeus monoceros,Speckled shrimp,Metapenaeus monoceros,Jul-Sep 2012,"Anatomical parts excluded prior to analysis: Viscera, shell, legs, tail.",,,2015,fi367,DR,3.0,,17.6,,,550,2.7,42,1.3,nd,,,,,,,,,,,,,,,,,,,,,,,,,,,,,,,,,,,,,,,,,,,,,,,,,,,,,,,,,,,,,,,,,,,,,,,,,,,,,,,
0902319,,Crustacean,"Bangladesh, Mymensingh",W,41,MBM,Najari Icha,"Monsoon river prawn, wild, raw",r,Macrobrachium malcolmsonii,Monsoon river prawn,Macrobrachium malcolmsonii,Jul-Sep 2012,"Anatomical parts excluded prior to analysis: Viscera, shell, legs, tail.",,,2015,fi367,DR,3.0,,15.7,,,1200,13,34,3.3,,,,,,,,,,,,,,,,,,,,,,,,,,,,,,,,,,,,,,,,,,,,,,,,,,,,,,,,,,,,,,,,,,,,,,,,,,,,,,,,
0900314,0900314,Molluscs,"Italy, Egadi Islands",W,57,CTC,,"Common cuttlefish, wild, fillet, raw",r,Sepia officinalis,Common cuttlefish,Sepia officinalis,Jun 2003,weight: 400-600g,1,FA calc. for individual month based on a mean lipid value (Jun/Jul); FA converted using XFA,2006,fi65,DR,2.1,,,,,,,,,,,[0.391820986666667],,,,,,,,,,,,,,,,,,,,,,,,,,,,,,,,,,,,,,,,,,,,,,,,,,,,,,,,,,,,,,,,,,,,,,,,,,,,,
0900315,0900315,Molluscs,"Italy, Egadi Islands",W,57,CTC,,"Common cuttlefish, wild, fillet, raw",r,Sepia officinalis,Common cuttlefish,Sepia officinalis,Jul 2003,weight: 400-600g,1,FA calc. for individual month based on a mean lipid value (Jun/Jul); FA converted using XFA,2006,fi65,DR,2.1,,,,,,,,,,,[0.515867538666667],,,,,,,,,,,,,,,,,,,,,,,,,,,,,,,,,,,,,,,,,,,,,,,,,,,,,,,,,,,,,,,,,,,,,,,,,,,,,
0900447,0900447,Molluscs,"Greece, Aegean Sea",W,54,MSM,Mydi,"Mediterranean mussel, wild, edible flesh, raw",r,Mytilus galloprovincialis,Mediterranean mussel,Mytilus galloprovincialis,,,,"mean of lipid value (spring, fall, winter) used for FA calculation; FAT- (analyzed according to AOAC 1975); FA converted using XFA; FA tr= <0.1g/100g fillet",1995,fi80,DR,2.1,,,,,,,,,,,,,,,,,,,,,,,,,,,,,,,,,,,,,,,,,,,,,,,,,,,,,,,,,,,,,,,,,,,,,,,,,,,,,,,,,,,,,,,,
0900448,0900448,Molluscs,"Greece, Aegean Sea",W,53,OYF,Stridi,"European flat oyster, wild, edible flesh, raw",r,Ostra edulis,European flat oyster,Ostrea edulis,,,,,1995,fi80,DR,2.1,,,,,,,,,,,,,,,,,,,,,,,,,,,,,,,,,,,,,,,,,,,,,,,,,,,,,,,,,,,,,,,,,,,,,,,,,,,,,,,,,,,,,,,,
0900449,0900449,Molluscs,"Greece, Aegean Sea",W,57,CTC,Soupia,"Common cuttlefish, wild, edible flesh, raw",r,Sepia officinalis,Common cuttlefish,Sepia officinalis,Winter,,,FAT- (analyzed according to AOAC 1975),1995,fi80,DR,2.1,,17,,,,,,,,,,,,,,,,,,,,,,,,,,,,,,,,,,,,,,,,,,,,,,,,,,,,,,,,,,,,,,,,,,,,,,,,,,,,,,,,,,,,,,
0900450,0900450,Molluscs,"Greece, Aegean Sea",W,57,SQE,Thrapsalo,"Flying squid, wild, edible flesh, raw",r,Todarodes saggitatus,European flying squid,Todarodes sagittatus,Winter,,,FAT- (analyzed according to AOAC 1975),1995,fi80,DR,2.1,,15,,,,,,,,,,,,,,,,,,,,,,,,,,,,,,,,,,,,,,,,,,,,,,,,,,,,,,,,,,,,,,,,,,,,,,,,,,,,,,,,,,,,,,
0900451,0900451,Molluscs,"Greece, Aegean Sea",W,57,OCC,Chtapodi,"Common octopus, wild, edible flesh, raw",r,Octapus vulgaris,Common octopus,Octopus vulgaris,,,,"mean of lipid value (spring, fall, winter) used for FA calculation; FAT- (analyzed according to AOAC 1975); FA converted using XFA; FA tr= <0.1g/100g fillet",1995,fi80,DR,2.1,,,,,,,,,,,,,,,,,,,,,,,,,,,,,,,,,,,,,,,,,,,,,,,,,,,,,,,,,,,,,,,,,,,,,,,,,,,,,,,,,,,,,,,,
0900489,0900489,Molluscs,"Greece, Aegean Sea",W,54,MSM,Mydi,"Mediterranean mussel, wild, edible flesh, raw",r,Mytilus galloprovincialis,Mediterranean mussel,Mytilus galloprovincialis,Spring,,,FAT- (analyzed according to AOAC 1975),1995,fi80,DR,2.0,,8,,,,,,,,,,,,,,,,,,,,,,,,,,,,,,,,,,,,,,,,,,,,,,,,,,,,,,,,,,,,,,,,,,,,,,,,,,,,,,,,,,,,,,
0900490,0900490,Molluscs,"Greece, Aegean Sea",W,54,MSM,Mydi,"Mediterranean mussel, wild, edible flesh, raw",r,Mytilus galloprovincialis,Mediterranean mussel,Mytilus galloprovincialis,Fall,,,FAT- (analyzed according to AOAC 1975),1995,fi80,DR,2.0,,13,,,,,,,,,,,,,,,,,,,,,,,,,,,,,,,,,,,,,,,,,,,,,,,,,,,,,,,,,,,,,,,,,,,,,,,,,,,,,,,,,,,,,,
0900491,0900491,Molluscs,"Greece, Aegean Sea",W,54,MSM,Mydi,"Mediterranean mussel, wild, edible flesh, raw",r,Mytilus galloprovincialis,Mediterranean mussel,Mytilus galloprovincialis,Winter,,,FAT- (analyzed according to AOAC 1975),1995,fi80,DR,2.0,,11,,,,,,,,,,,,,,,,,,,,,,,,,,,,,,,,,,,,,,,,,,,,,,,,,,,,,,,,,,,,,,,,,,,,,,,,,,,,,,,,,,,,,,
0900492,0900492,Molluscs,"Greece, Aegean Sea",W,57,OCC,Chtapodi,"Common octopus, wild, edible flesh, raw",r,Octapus vulgaris,Common octopus,Octopus vulgaris,Spring,,,FAT- (analyzed according to AOAC 1975),1995,fi80,DR,2.0,,15,,,,,,,,,,,,,,,,,,,,,,,,,,,,,,,,,,,,,,,,,,,,,,,,,,,,,,,,,,,,,,,,,,,,,,,,,,,,,,,,,,,,,,
0900493,0900493,Molluscs,"Greece, Aegean Sea",W,57,OCC,Chtapodi,"Common octopus, wild, edible flesh, raw",r,Octapus vulgaris,Common octopus,Octopus vulgaris,Fall,,,FAT- (analyzed according to AOAC 1975),1995,fi80,DR,2.0,,13,,,,,,,,,,,,,,,,,,,,,,,,,,,,,,,,,,,,,,,,,,,,,,,,,,,,,,,,,,,,,,,,,,,,,,,,,,,,,,,,,,,,,,
0900494,0900494,Molluscs,"Greece, Aegean Sea",W,57,OCC,Chtapodi,"Common octopus, wild, edible flesh, raw",r,Octapus vulgaris,Common octopus,Octopus vulgaris,Winter,,,FAT- (analyzed according to AOAC 1975),1995,fi80,DR,2.0,,11,,,,,,,,,,,,,,,,,,,,,,,,,,,,,,,,,,,,,,,,,,,,,,,,,,,,,,,,,,,,,,,,,,,,,,,,,,,,,,,,,,,,,,
0900495,0900495,Molluscs,"Greece, Aegean Sea",W,57,SQR,Kalamari,"Common squid, wild, edible flesh, raw",r,Loligo vulgaris,European squid,Loligo vulgaris,,,,"mean of lipid value (fall, winter) used for FA calculation; FAT- (analyzed according to AOAC 1975); FA converted using XFA; FA tr= <0.1g/100g fillet",1995,fi80,DR,2.1,,,,,,,,,,,,,,,,,,,,,,,,,,,,,,,,,,,,,,,,,,,,,,,,,,,,,,,,,,,,,,,,,,,,,,,,,,,,,,,,,,,,,,,,
0900496,0900496,Molluscs,"Greece, Aegean Sea",W,57,SQR,Kalamari,"Common squid, wild, edible flesh, raw",r,Loligo vulgaris,European squid,Loligo vulgaris,Fall,,,FAT- (analyzed according to AOAC 1975),1995,fi80,DR,2.0,,15,,,,,,,,,,,,,,,,,,,,,,,,,,,,,,,,,,,,,,,,,,,,,,,,,,,,,,,,,,,,,,,,,,,,,,,,,,,,,,,,,,,,,,
0900548,0900548,Molluscs,"Malaysia, West coast of Peninsular",W,57,CTC,Sotong,"Cuttlefish, wild, flesh, raw",r,Sepia officinalis,Common cuttlefish,Sepia officinalis,,"length and weight: 12-18cm, 20-45g",3,,2011,fi88,DR,2.0,,13.94,,,,,,,,,,,,,,,,,,,,,,,,,,,,,,,,,,,,,,,,,,,,,,,,,,,,,,,,,,,,,,,,,,,,,,,,,,,,,,,,,,,,,,
0900550,0900550,Molluscs,"Malaysia, West coast of Peninsular",W,56,BLC,Kerang,"Cockles, wild, flesh, raw",r,Anadara granosa,Blood cockle,Anadara granosa,,"length and weight: 2-5cm, 10-20g",3,,2011,fi88,DR,2.0,,15.99,,,,,,,,,,,,,,,,,,,,,,,,,,,,,,,,,,,,,,,,,,,,,,,,,,,,,,,,,,,,,,,,,,,,,,,,,,,,,,,,,,,,,,
0900603,0900603,Molluscs,"Laos, Champasak and Savannakhet, rice field ecosystems",W,52,GFZ,Hoy choub,"Small apple snail, wild, shelled, raw",r,Cipangopaludina chinensis,Chinese mystery snail,Cipangopaludina chinensis,dry season,,3,FA converted using XFA,2010,fi103,DR,2.0,,13,,,[1200],4.3,,8.1,,,0.01002744,,,,,,,,,,,,,,,,,,,,,,,,,,,,,,,,,,,,,,,,,,,,,,,,,,,,,,,,,,,,,,,,,,,,,,,,,,,,,
0900604,0900604,Molluscs,"Laos, Champasak and Savannakhet, rice field ecosystems",W,52,RPN,Hoy pak kuang,"Golden apple snail, wild, shelled, raw",r,Pomacea canaliculata,Sea snails,Rapana spp,dry season,,3,FA converted using XFA,2010,fi103,DR,2.0,,11.6,,,[444],[48],,6.9,,,0.004888377,,,,,,,,,,,,,,,,,,,,,,,,,,,,,,,,,,,,,,,,,,,,,,,,,,,,,,,,,,,,,,,,,,,,,,,,,,,,,
0900794,0900794,Molluscs,"USA, MD, Nanticoke River",W,53,OYA,,"Eastern Oysters, wild, raw",r,Crassostrea virginica,American cupped oyster,Crassostrea virginica,Mar 1989,,1,"FAT (analyzed according to AOAC 1984, method 43.257-43.277); tr= VitC <1.0 mg/100g; CARTB <10mcg/100g; CHO <0.1g/100g; RIBF <0.02mg/100g",1992,fi120,DR,2.1,,5.6,,,,,,,,,,,,,,,,,,,,,,,,,,,,,,,,,,,,,,,,,,,,,,,,,,,,,,,,,,,,,,,,,,,,,,,,,,,,,,,,,,,,,,
0900795,0900795,Molluscs,"USA, MD, Nanticoke River",W,53,OYA,,"Eastern Oysters, wild, raw",r,Crassostrea virginica,American cupped oyster,Crassostrea virginica,Oct 1989,,1,"FAT (analyzed according to AOAC 1984, method 43.257-43.277); tr= VitC <1.0 mg/100g; CARTB <10mcg/100g; CHO <0.1g/100g; RIBF <0.02mg/100g",1992,fi120,DR,2.1,,6.3,,,,,,,,,,,,,,,,,,,,,,,,,,,,,,,,,,,,,,,,,,,,,,,,,,,,,,,,,,,,,,,,,,,,,,,,,,,,,,,,,,,,,,
0900963,0900963,Molluscs,"Mexico, Veracruz, Gulf of Mexico",W,57,SQL,,"Longfin squid, wild, edible portion, raw",r,Loligo pealeii,Longfin squid,Loligo pealeii,"Oct, Nov 1994, Jan 1995",,,"FAT- (analyzed according to AOAC 1990, method 932.02)",1998,fi149,DR,2.0,,17.44,,,,,,,,,,,,,,,,,,,,,,,,,,,,,,,,,,,,,,,,,,,,,,,,,,,,,,,,,,,,,,,,,,,,,,,,,,,,,,,,,,,,,,
0900999,0900999,Molluscs,"USA, WA, Willapa Bay",W,53,OYG,,"Oyster, wild, raw",r,Crassostrea gigas,Pacific cupped oyster,Crassostrea gigas,Nov 1978,,3,,1979,fi156,DR,2.0,,7.76,,,,,,,,,,,,,,,,,,,,,,,,,,,,,,,,,,,,,,,,,,,,,,,,,,,,,,,,,,,,,,,,,,,,,,,,,,,,,,,,,,,,,,
0901000,0901000,Molluscs,"USA, WA, Poulsbo",W,56,GEC,,"Geoduck, wild, whole (eviscerated), raw",r,Panope generosa,Pacific geoduck,Panopea abrupta,Mar 1978,,3,,1979,fi156,DR,2.0,,15.56,,,,,,,,,,,,,,,,,,,,,,,,,,,,,,,,,,,,,,,,,,,,,,,,,,,,,,,,,,,,,,,,,,,,,,,,,,,,,,,,,,,,,,
0901001,0901001,Molluscs,"Italy, Rimini/Pesaro, Adriatic Sea",W,56,SVE,,"Venus clam, wild, edible meat (incl. intervalvar fluid), raw",r,Chamelea gallina,Striped venus,Chamelea gallina,Jun 2002,,3,FA converted using XFA,2006,fi158,DR,2.0,,10.4,,,245,6.31,57.5,1.23,,,0.4541614,,,,,,,,,,,,,,,,,,,,,,,,,,,,,,,,,,,,,,,,,,,,,,,,,,,,,,,,,,,,,,,,,,,,,,,,,,,,,
0901002,0901002,Molluscs,"Italy, Rimini/Pesaro, Adriatic Sea",W,56,SVE,,"Venus clam, wild, edible meat (incl. intervalvar fluid), raw",r,Chamelea gallina,Striped venus,Chamelea gallina,Sep 2002,,3,FA converted using XFA,2006,fi158,DR,2.0,,8.55,,,150,6.73,72.8,0.91,,,0.13543356,,,,,,,,,,,,,,,,,,,,,,,,,,,,,,,,,,,,,,,,,,,,,,,,,,,,,,,,,,,,,,,,,,,,,,,,,,,,,
0901003,0901003,Molluscs,"Italy, Rimini/Pesaro, Adriatic Sea",W,56,SVE,,"Venus clam, wild, edible meat (incl. intervalvar fluid), raw",r,Chamelea gallina,Striped venus,Chamelea gallina,Dez 2002,,3,FA converted using XFA,2006,fi158,DR,2.0,,10.1,,,327,6.44,59.7,1.38,,,0.34063024,,,,,,,,,,,,,,,,,,,,,,,,,,,,,,,,,,,,,,,,,,,,,,,,,,,,,,,,,,,,,,,,,,,,,,,,,,,,,
0901004,0901004,Molluscs,"Italy, Rimini/Pesaro, Adriatic Sea",W,56,SVE,,"Venus clam, wild, edible meat (incl. intervalvar fluid), raw",r,Chamelea gallina,Striped venus,Chamelea gallina,Feb 2003,,3,FA converted using XFA,2006,fi158,DR,2.0,,10.8,,,67.5,10.7,63.3,1.48,,,0.4773756,,,,,,,,,,,,,,,,,,,,,,,,,,,,,,,,,,,,,,,,,,,,,,,,,,,,,,,,,,,,,,,,,,,,,,,,,,,,,
0901005,0901005,Molluscs,"Italy, Rimini/Pesaro, Adriatic Sea",W,56,SVE,,"Venus clam, wild, edible meat (incl. intervalvar fluid), raw",r,Chamelea gallina,Striped venus,Chamelea gallina,Jul 2003,,3,FA converted using XFA,2006,fi158,DR,2.0,,9.04,,,304,8.2,69.6,1.28,,,0.20484416,,,,,,,,,,,,,,,,,,,,,,,,,,,,,,,,,,,,,,,,,,,,,,,,,,,,,,,,,,,,,,,,,,,,,,,,,,,,,
0901012,0901012,Molluscs,"Taiwan, Kaohsiung (off coast)",W,52,FIU,,"Underlined fig shell, wild, female, autotomy tissue, raw",r,Ficus ficus,Underlined fig shell,Ficus subintermedia,"mean shell length and weight: 6.48cm, 21.1g",,,proximates expressed per DM - conversion to FW,2002,fi163,DR,2.0,,16.0176,,,,,,,,,,,,,,,,,,,,,,,,,,,,,,,,,,,,,,,,,,,,,,,,,,,,,,,,,,,,,,,,,,,,,,,,,,,,,,,,,,,,,,
0901013,0901013,Molluscs,"Taiwan, Kaohsiung (off coast)",W,52,FIU,,"Underlined fig shell, wild, male, foot, raw",r,Ficus ficus,Underlined fig shell,Ficus subintermedia,"mean shell length and weight: 52.3cm, 11.2g",,,proximates expressed per DM - conversion to FW,2002,fi163,DR,2.0,,16.176,,,,,,,,,,,,,,,,,,,,,,,,,,,,,,,,,,,,,,,,,,,,,,,,,,,,,,,,,,,,,,,,,,,,,,,,,,,,,,,,,,,,,,
0901014,0901014,Molluscs,"Taiwan, Kaohsiung (off coast)",W,52,FIU,,"Underlined fig shell, wild, male, autotomy tissue, raw",r,Ficus ficus,Underlined fig shell,Ficus subintermedia,"mean shell length and weight: 52.3cm, 11.2g",,,proximates expressed per DM - conversion to FW,2002,fi163,DR,2.0,,15.3765,,,,,,,,,,,,,,,,,,,,,,,,,,,,,,,,,,,,,,,,,,,,,,,,,,,,,,,,,,,,,,,,,,,,,,,,,,,,,,,,,,,,,,
0901048,0901048,Molluscs,"Greece, Aegean Sea (samples from fish markets of Macedonia, Attica or Peloponnese)",W,57,SQR,Kalamari,"Common squid, edible portion (gutted), raw",r,Loligo vulgaris,European squid,Loligo vulgaris,Nov,"mean length and weight of squid: 8.8cm, 31.7g",,FA converted using XFA; FA tr= <0.05% of FACID,2004,fi173,DR,2.0,,19.71,,,,,,,,,1.036619232,,,,,,,,,,,,,,,,,,,,,,,,,,,,,,,,,,,,,,,,,,,,,,,,,,,,,,,,,,,,,,,,,,,,,,,,,,,,,
0901050,0901050,Molluscs,"Greece, Aegean Sea (samples from fish markets of Macedonia, Attica or Peloponnese)",W,54,MSM,Mydi,"Mediterranean mussel, edible flesh, raw",r,Mytilus galloprovincialis,Mediterranean mussel,Mytilus galloprovincialis,Jun,"mean length and weight of mussel: 5.6cm, 6.2g",,FA converted using XFA; FA tr= <0.05% of FACID,2004,fi173,DR,2.0,,8.89,,,,,,,,,0.599156164,,,,,,,,,,,,,,,,,,,,,,,,,,,,,,,,,,,,,,,,,,,,,,,,,,,,,,,,,,,,,,,,,,,,,,,,,,,,,
0901056,0901056,Molluscs,"India, North Kerala, Kannur, Thalassery beach",W,56,MQW,,"Surf clam, wild, male, meat, raw",r,Mactra violacea,Violet troughshell,Mactra violacea,Jan 2005,,,FAT-/PROT- (analyzed according to AOAC 1990),2009,fi176,DR,2.0,,,,10.2,,,,,,,,,,,,,,,,,,,,,,,,,,,,,,,,,,,,,,,,,,,,,,,,,,,,,,,,,,,,,,,,,,,,,,,,,,,,,,,,,,,,
0901057,0901057,Molluscs,"India, North Kerala, Kannur, Thalassery beach",W,56,MQW,,"Surf clam, wild, male, meat, raw",r,Mactra violacea,Violet troughshell,Mactra violacea,Apr 2005,,,FAT-/PROT- (analyzed according to AOAC 1990),2009,fi176,DR,2.0,,,,13.6,,,,,,,,,,,,,,,,,,,,,,,,,,,,,,,,,,,,,,,,,,,,,,,,,,,,,,,,,,,,,,,,,,,,,,,,,,,,,,,,,,,,
0901058,0901058,Molluscs,"India, North Kerala, Kannur, Thalassery beach",W,56,MQW,,"Surf clam, wild, male, meat, raw",r,Mactra violacea,Violet troughshell,Mactra violacea,Jul 2005,,,FAT-/PROT- (analyzed according to AOAC 1990),2009,fi176,DR,2.0,,,,11.7,,,,,,,,,,,,,,,,,,,,,,,,,,,,,,,,,,,,,,,,,,,,,,,,,,,,,,,,,,,,,,,,,,,,,,,,,,,,,,,,,,,,
0901059,0901059,Molluscs,"India, North Kerala, Kannur, Thalassery beach",W,56,MQW,,"Surf clam, wild, male, meat, raw",r,Mactra violacea,Violet troughshell,Mactra violacea,Aug 2005,,,FAT-/PROT- (analyzed according to AOAC 1990),2009,fi176,DR,2.0,,,,11.9,,,,,,,,,,,,,,,,,,,,,,,,,,,,,,,,,,,,,,,,,,,,,,,,,,,,,,,,,,,,,,,,,,,,,,,,,,,,,,,,,,,,
0901060,0901060,Molluscs,"India, North Kerala, Kannur, Thalassery beach",W,56,MQW,,"Surf clam, wild, female, meat, raw",r,Mactra violacea,Violet troughshell,Mactra violacea,Feb 2005,,,FAT-/PROT- (analyzed according to AOAC 1990),2009,fi176,DR,2.0,,,,11.4,,,,,,,,,,,,,,,,,,,,,,,,,,,,,,,,,,,,,,,,,,,,,,,,,,,,,,,,,,,,,,,,,,,,,,,,,,,,,,,,,,,,
0901061,0901061,Molluscs,"India, North Kerala, Kannur, Thalassery beach",W,56,MQW,,"Surf clam, wild, female, meat, raw",r,Mactra violacea,Violet troughshell,Mactra violacea,Mar 2005,,,FAT-/PROT- (analyzed according to AOAC 1990),2009,fi176,DR,2.0,,,,11.3,,,,,,,,,,,,,,,,,,,,,,,,,,,,,,,,,,,,,,,,,,,,,,,,,,,,,,,,,,,,,,,,,,,,,,,,,,,,,,,,,,,,
0901062,0901062,Molluscs,"India, North Kerala, Kannur, Thalassery beach",W,56,MQW,,"Surf clam, wild, female, meat, raw",r,Mactra violacea,Violet troughshell,Mactra violacea,Apr 2005,,,FAT-/PROT- (analyzed according to AOAC 1990),2009,fi176,DR,2.0,,,,12.4,,,,,,,,,,,,,,,,,,,,,,,,,,,,,,,,,,,,,,,,,,,,,,,,,,,,,,,,,,,,,,,,,,,,,,,,,,,,,,,,,,,,
0901063,0901063,Molluscs,"India, North Kerala, Kannur, Thalassery beach",W,56,MQW,,"Surf clam, wild, female, meat, raw",r,Mactra violacea,Violet troughshell,Mactra violacea,May 2005,,,FAT-/PROT- (analyzed according to AOAC 1990),2009,fi176,DR,2.0,,,,12.5,,,,,,,,,,,,,,,,,,,,,,,,,,,,,,,,,,,,,,,,,,,,,,,,,,,,,,,,,,,,,,,,,,,,,,,,,,,,,,,,,,,,
0901064,0901064,Molluscs,"India, North Kerala, Kannur, Thalassery beach",W,56,MQW,,"Surf clam, wild, female, meat, raw",r,Mactra violacea,Violet troughshell,Mactra violacea,Jul 2005,,,FAT-/PROT- (analyzed according to AOAC 1990),2009,fi176,DR,2.0,,,,11.8,,,,,,,,,,,,,,,,,,,,,,,,,,,,,,,,,,,,,,,,,,,,,,,,,,,,,,,,,,,,,,,,,,,,,,,,,,,,,,,,,,,,
0901065,0901065,Molluscs,"India, North Kerala, Kannur, Thalassery beach",W,56,MQW,,"Surf clam, wild, female, meat, raw",r,Mactra violacea,Violet troughshell,Mactra violacea,Aug 2005,,,FAT-/PROT- (analyzed according to AOAC 1990),2009,fi176,DR,2.0,,,,11.8,,,,,,,,,,,,,,,,,,,,,,,,,,,,,,,,,,,,,,,,,,,,,,,,,,,,,,,,,,,,,,,,,,,,,,,,,,,,,,,,,,,,
0901066,0901066,Molluscs,"Brazil, Island of São Sebastião",W,57,OJO,,"Squid muscle, wild, raw",r,Loligo plei,Slender inshore squid ,Loligo plei,,"mantle length and weight: 26.8cm, 171.1g",,,2005,fi182,SE,2.0,,,,14.1,,,,,,,,,,,,,,,,,,,,,,,,,,,,,,,,,,,,,,,,,,,,,,,,,,,,,,,,,,,,,,,,,,,,,,,,,,,,,,,,,,,,
0901130,0901130,Molluscs,"Brazil, Rio di Janeiro city, Barra de Guaratiba",W,53,OYM,,"Mangrove oyster, wild, meat removed from shell, raw ",r,Crassostrea rhizophorae,Mangrove cupped oyster,Crassostrea rhizophorae,Spring ,,3,FA converted using XFA,2004,fi193,SE,2.0,,10.2,,,,,,,,,0.224186,,,,,,,,,,,,,,,,,,,,,,,,,,,,,,,,,,,,,,,,,,,,,,,,,,,,,,,,,,,,,,,,,,,,,,,,,,,,,
0901131,0901131,Molluscs,"Brazil, Rio di Janeiro city, Barra de Guaratiba",W,53,OYM,,"Mangrove oyster, wild, meat removed from shell, raw ",r,Crassostrea rhizophorae,Mangrove cupped oyster,Crassostrea rhizophorae,Summer ,,3,FA converted using XFA,2004,fi193,SE,2.0,,9.9,,,,,,,,,0.1393968,,,,,,,,,,,,,,,,,,,,,,,,,,,,,,,,,,,,,,,,,,,,,,,,,,,,,,,,,,,,,,,,,,,,,,,,,,,,,
0901132,0901132,Molluscs,"Brazil, Rio di Janeiro city, Barra de Guaratiba",W,53,OYM,,"Mangrove oyster, wild, meat removed from shell, raw ",r,Crassostrea rhizophorae,Mangrove cupped oyster,Crassostrea rhizophorae,Autumn,,3,FA converted using XFA,2004,fi193,SE,2.0,,9.3,,,,,,,,,0.240118,,,,,,,,,,,,,,,,,,,,,,,,,,,,,,,,,,,,,,,,,,,,,,,,,,,,,,,,,,,,,,,,,,,,,,,,,,,,,
0901133,0901133,Molluscs,"Brazil, Rio di Janeiro city, Barra de Guaratiba",W,53,OYM,,"Mangrove oyster, wild, meat removed from shell, raw ",r,Crassostrea rhizophorae,Mangrove cupped oyster,Crassostrea rhizophorae,Winter,,3,FA converted using XFA,2004,fi193,SE,2.0,,9.6,,,,,,,,,0.310272,,,,,,,,,,,,,,,,,,,,,,,,,,,,,,,,,,,,,,,,,,,,,,,,,,,,,,,,,,,,,,,,,,,,,,,,,,,,,
0901155,0901135,Molluscs,"Brazil, Piauí, Parnaíba delta",W,53,OYM,,"Oyster, edible part, raw",r,Crassostrea rhizophorae,Mangrove cupped oyster,Crassostrea rhizophorae,,,,minerals expressed per DM - conversion to FW,2007,fi203,VN,2.0,,3.22,,,[13.137174],[2.393631],,[11.871063],,,,,,,,,,,,,,,,,,,,,,,,,,,,,,,,,,,,,,,,,,,,,,,,,,,,,,,,,,,,,,,,,,,,,,,,,,,,,,,,
0901163,0901143,Molluscs,"Japan, southern region fo Okinawa Island, Tomigusku intertidal flat",W,56,LLX,,"Palate tellin, wild, tissue, raw",r,Quidnipagus palatum,Palate tellin,Tellina palatam,Nov 2000,,,FAME converted using ShF,2009,fi207,VN,2.0,,,,,,,,,,,,,,,,,,,,,,,,,,,,,,,,,,,,,,,,,,,,,,,,,,,,,,,,,,,,,,,,,,,,,,,,,,,,,,,,,,,,,,,,
0901164,0901144,Molluscs,"Japan, southern region fo Okinawa Island, Tomigusku intertidal flat",W,56,LLX,,"Palate tellin, wild, tissue, raw",r,Quidnipagus palatum,Palate tellin,Tellina palatam,Jan 2001,,,FAME converted using ShF,2009,fi207,VN,2.0,,,,,,,,,,,,,,,,,,,,,,,,,,,,,,,,,,,,,,,,,,,,,,,,,,,,,,,,,,,,,,,,,,,,,,,,,,,,,,,,,,,,,,,,
0901165,0901145,Molluscs,"Japan, southern region fo Okinawa Island, Tomigusku intertidal flat",W,56,LLX,,"Palate tellin, wild, tissue, raw",r,Quidnipagus palatum,Palate tellin,Tellina palatam,May 2001,,,FAME converted using ShF,2009,fi207,VN,2.0,,,,,,,,,,,,,,,,,,,,,,,,,,,,,,,,,,,,,,,,,,,,,,,,,,,,,,,,,,,,,,,,,,,,,,,,,,,,,,,,,,,,,,,,
0901166,0901146,Molluscs,"Japan, southern region fo Okinawa Island, Tomigusku intertidal flat",W,56,LLX,,"Palate tellin, wild, tissue, raw",r,Quidnipagus palatum,Palate tellin,Tellina palatam,Jul 2001,,,FAME converted using ShF,2009,fi207,VN,2.0,,,,,,,,,,,,,,,,,,,,,,,,,,,,,,,,,,,,,,,,,,,,,,,,,,,,,,,,,,,,,,,,,,,,,,,,,,,,,,,,,,,,,,,,
0901167,0901147,Molluscs,"Turkey, Içel, Akkuyu bay, Mediterranean Sea",W,81,IDR,,"Rayed pearl oyster, wild, soft body, raw",r,Pinctada radiata,Rayed pearl oyster,Pinctada radiata,May 1999-Apr 2000,"mean length and weight: 3.51cm, 0.23g",,,2005,fi208,VN,2.0,,,,,,0.28227,,0.02979,,,,,,,,,,,,,,,,,,,,,,,,,,,,,,,,,,,,,,,,,,,,,,,,,,,,,,,,,,,,,,,,,,,,,,,,,,,,,,,,
0901168,0901148,Molluscs,"Turkey, Içel, Akkuyu bay, Mediterranean Sea",W,54,CLX,,"Mussel, wild, soft body, raw",r,Brachidontes pharaonis,,Bivalvia,May 1999-Apr 2000,"mean length and weight: 1.91cm, 0.022g",,,2005,fi208,VN,2.0,,,,,,0.03682,,0.01579,,,,,,,,,,,,,,,,,,,,,,,,,,,,,,,,,,,,,,,,,,,,,,,,,,,,,,,,,,,,,,,,,,,,,,,,,,,,,,,,
0901169,0901149,Molluscs,"Malaysia (west coast), Penang, Pulau Aman",W,54,MSV,,"Green-lipped mussel, wild, soft tissue, raw",r,Perna viridis,Green mussel,Perna viridis,Sep 1999,mean shell length: 8.63cm,,,2004,fi209,VN,2.0,,,,,,,,1.86,,,,,,,,,,,,,,,,,,,,,,,,,,,,,,,,,,,,,,,,,,,,,,,,,,,,,,,,,,,,,,,,,,,,,,,,,,,,,,,,
0901170,0901150,Molluscs,"Malaysia (west coast), Muar Estuary, Malacca",W,54,MSV,,"Green-lipped mussel, wild, soft tissue, raw",r,Perna viridis,Green mussel,Perna viridis,Jan 2000,mean shell length: 8.44cm,,,2004,fi209,VN,2.0,,,,,,,,1.34,,,,,,,,,,,,,,,,,,,,,,,,,,,,,,,,,,,,,,,,,,,,,,,,,,,,,,,,,,,,,,,,,,,,,,,,,,,,,,,,
0901171,0901151,Molluscs,"Malaysia (west coast), Pantai Lido, Johore",W,54,MSV,,"Green-lipped mussel, wild, soft tissue, raw",r,Perna viridis,Green mussel,Perna viridis,Jan 2000,mean shell length: 6.46cm,,,2004,fi209,VN,2.0,,,,,,,,1.99,,,,,,,,,,,,,,,,,,,,,,,,,,,,,,,,,,,,,,,,,,,,,,,,,,,,,,,,,,,,,,,,,,,,,,,,,,,,,,,,
0901172,0901152,Molluscs,"Malaysia (west coast), Kg. Pasir Puteh, Johore",W,54,MSV,,"Green-lipped mussel, wild, soft tissue, raw",r,Perna viridis,Green mussel,Perna viridis,Jan 2000,mean shell length: 6.11cm,,,2004,fi209,VN,2.0,,,,,,,,2.19,,,,,,,,,,,,,,,,,,,,,,,,,,,,,,,,,,,,,,,,,,,,,,,,,,,,,,,,,,,,,,,,,,,,,,,,,,,,,,,,
0901173,0901153,Molluscs,"Turkey, Iskenderun Bay, north eastern Mediterranean Sea ",W,57,CTC,,"Cuttlefish, wild, mantle, raw",r,Sepia officinalis,Common cuttlefish,Sepia officinalis,Nov (autumn) 2003,,,FA converted using XFA,2006,fi210,VN,2.0,,,,,,,,,,,,,,,,,,,,,,,,,,,,,,,,,,,,,,,,,,,,,,,,,,,,,,,,,,,,,,,,,,,,,,,,,,,,,,,,,,,,,,,,
0901174,0901154,Molluscs,"Turkey, Iskenderun Bay, north eastern Mediterranean Sea ",W,57,CTC,,"Cuttlefish, wild, mantle, raw",r,Sepia officinalis,Common cuttlefish,Sepia officinalis,Feb (winter) 2003,,,FA converted using XFA,2006,fi210,VN,2.0,,,,,,,,,,,,,,,,,,,,,,,,,,,,,,,,,,,,,,,,,,,,,,,,,,,,,,,,,,,,,,,,,,,,,,,,,,,,,,,,,,,,,,,,
0901175,0901155,Molluscs,"Turkey, Iskenderun Bay, north eastern Mediterranean Sea ",W,57,CTC,,"Cuttlefish, wild, mantle, raw",r,Sepia officinalis,Common cuttlefish,Sepia officinalis,Apr (spring) 2003,,,FA converted using XFA,2006,fi210,VN,2.0,,,,,,,,,,,,,,,,,,,,,,,,,,,,,,,,,,,,,,,,,,,,,,,,,,,,,,,,,,,,,,,,,,,,,,,,,,,,,,,,,,,,,,,,
0901176,0901156,Molluscs,"Turkey, Iskenderun Bay, north eastern Mediterranean Sea ",W,57,CTC,,"Cuttlefish, wild, mantle, raw",r,Sepia officinalis,Common cuttlefish,Sepia officinalis,Jul (summer) 2003,,,FA converted using XFA,2006,fi210,VN,2.0,,,,,,,,,,,,,,,,,,,,,,,,,,,,,,,,,,,,,,,,,,,,,,,,,,,,,,,,,,,,,,,,,,,,,,,,,,,,,,,,,,,,,,,,
0901177,0901157,Molluscs,"Tunisia, coast (sampled at fish market, Sfax city)",W,52,GAS,,"Marine snail, muscle, raw",r,Hexaplex trunculus,Gastropods nei,Gastropoda,,,,proximates and AA expressed per DM - conversion to FW; FA converted using XFA,2011,fi211,VN,2.0,,15.746805,,,674.4,8.1,,112.8,,,2.832586275,,,,,,,,,,,,,,,,,,,,,,,,,,,,,,,,,,,,,,,,,,,,,,,,,,,,,,,,,,,,,,,,,,,,,,,,,,,,,
0901178,0901158,Molluscs,"Australia, Heard Island, Indian Ocean",W,57,OIJ,,"Onychotheuthid squid, wild, mantle, raw",r,Moroteuthis ingens,Greater hooked squid,Moroteuthis ingens,"Dec 1997-Jan 1998, Oct 1998-Jan 1999",,,FA converted using XFA,2001,fi212,VN,2.0,,,,,,,,,,,,,,,,,,,,,,,,,,,,,,,,,,,,,,,,,,,,,,,,,,,,,,,,,,,,,,,,,,,,,,,,,,,,,,,,,,,,,,,,
0901179,0901159,Molluscs,"Australia, Macquirie Island, Pacific Ocean",W,57,OIJ,,"Onychotheuthid squid, wild, mantle, raw",r,Moroteuthis ingens,Greater hooked squid,Moroteuthis ingens,Mar-Apr 1999,,,FA converted using XFA,2001,fi212,VN,2.0,,,,,,,,,,,,,,,,,,,,,,,,,,,,,,,,,,,,,,,,,,,,,,,,,,,,,,,,,,,,,,,,,,,,,,,,,,,,,,,,,,,,,,,,
0901180,0901160,Molluscs,"Turkey, Southern coast of the Marmara Sea, Karabiga, Kemer, Sevketje (Anatolia side), Bolayiralti, Gelibolu (European side)",W,56,SVE,,"Striped venus, babyclam, meat, raw",r,Chamelea gallina,Striped venus,Chamelea gallina,Apr 2008,,,,2011,fi215,VN,2.0,0.2697,10.05,,,,,,,,,,,,,,,,,,,,,,,,,,,,,,,,,,,,,,,,,,,,,,,,,,,,,,,,,,,,,,,,,,,,,,,,,,,,,,,,,,,,,,
0901181,0901161,Molluscs,"Turkey, Southern coast of the Marmara Sea, Karabiga, Kemer, Sevketje (Anatolia side), Bolayiralti, Gelibolu (European side)",W,56,SVE,,"Striped venus, babyclam, meat, raw",r,Chamelea gallina,Striped venus,Chamelea gallina,Jul 2008,,,,2011,fi215,VN,2.0,0.2191,10.5,,,,,,,,,,,,,,,,,,,,,,,,,,,,,,,,,,,,,,,,,,,,,,,,,,,,,,,,,,,,,,,,,,,,,,,,,,,,,,,,,,,,,,
0901182,0901162,Molluscs,"Turkey, Southern coast of the Marmara Sea, Karabiga, Kemer, Sevketje (Anatolia side), Bolayiralti, Gelibolu (European side)",W,56,SVE,,"Striped venus, babyclam, meat, raw",r,Chamelea gallina,Striped venus,Chamelea gallina,Oct 2008,,,,2011,fi215,VN,2.0,0.2126,9.06,,,,,,,,,,,,,,,,,,,,,,,,,,,,,,,,,,,,,,,,,,,,,,,,,,,,,,,,,,,,,,,,,,,,,,,,,,,,,,,,,,,,,,
0901183,0901163,Molluscs,"Turkey, Southern coast of the Marmara Sea, Karabiga, Kemer, Sevketje (Anatolia side), Bolayiralti, Gelibolu (European side)",W,56,SVE,,"Striped venus, babyclam, meat, raw",r,Chamelea gallina,Striped venus,Chamelea gallina,Jan 2009,,,,2011,fi215,VN,2.0,0.2423,10.81,,,,,,,,,,,,,,,,,,,,,,,,,,,,,,,,,,,,,,,,,,,,,,,,,,,,,,,,,,,,,,,,,,,,,,,,,,,,,,,,,,,,,,
0901211,0901191,Molluscs,"Unknown, Eastern Medierranean Sea",W,57,CTC,,"Common cuttlefish, wild, mantle flesh, raw",r,Sepia officinalis,Common cuttlefish,Sepia officinalis,Spring,,,FAT-/PROT- (no analytical methods given); FA converted using XFA,2008,fi225,DR,2.0,,,,16.91,,,,,,,0.331030464,,,,,,,,,,,,,,,,,,,,,,,,,,,,,,,,,,,,,,,,,,,,,,,,,,,,,,,,,,,,,,,,,,,,,,,,,,,,,
0901212,0901192,Molluscs,"Unknown, Eastern Medierranean Sea",W,57,CTC,,"Common cuttlefish, wild, mantle flesh, raw",r,Sepia officinalis,Common cuttlefish,Sepia officinalis,Autumn,,,FAT-/PROT- (no analytical methods given); FA converted using XFA,2008,fi225,DR,2.0,,,,18.77,,,,,,,0.558657536,,,,,,,,,,,,,,,,,,,,,,,,,,,,,,,,,,,,,,,,,,,,,,,,,,,,,,,,,,,,,,,,,,,,,,,,,,,,,
0901213,0901193,Molluscs,"Unknown, Eastern Medierranean Sea",W,57,CTC,,"Common cuttlefish, wild, mantle flesh, raw",r,Sepia officinalis,Common cuttlefish,Sepia officinalis,Winter,,,FAT-/PROT- (no analytical methods given); FA converted using XFA,2008,fi225,DR,2.0,,,,16.91,,,,,,,0.445189,,,,,,,,,,,,,,,,,,,,,,,,,,,,,,,,,,,,,,,,,,,,,,,,,,,,,,,,,,,,,,,,,,,,,,,,,,,,,
0901214,0901194,Molluscs,"Unknown, Eastern Medierranean Sea",W,57,SQR,,"European squid, wild, mantle flesh, raw",r,Loligo vulgaris,European squid,Loligo vulgaris,Spring,,,FAT-/PROT- (no analytical methods given); FA converted using XFA,2008,fi225,DR,2.0,,,,18.6,,,,,,,0.506507568,,,,,,,,,,,,,,,,,,,,,,,,,,,,,,,,,,,,,,,,,,,,,,,,,,,,,,,,,,,,,,,,,,,,,,,,,,,,,
0901215,0901195,Molluscs,"Unknown, Eastern Medierranean Sea",W,57,SQR,,"European squid, wild, mantle flesh, raw",r,Loligo vulgaris,European squid,Loligo vulgaris,Autumn,,,FAT-/PROT- (no analytical methods given); FA converted using XFA,2008,fi225,DR,2.0,,,,17.44,,,,,,,0.684914672,,,,,,,,,,,,,,,,,,,,,,,,,,,,,,,,,,,,,,,,,,,,,,,,,,,,,,,,,,,,,,,,,,,,,,,,,,,,,
0901216,0901196,Molluscs,"Unknown, Eastern Medierranean Sea",W,57,SQR,,"European squid, wild, mantle flesh, raw",r,Loligo vulgaris,European squid,Loligo vulgaris,Winter,,,FAT-/PROT- (no analytical methods given); FA converted using XFA,2008,fi225,DR,2.0,,,,18.19,,,,,,,0.774840416,,,,,,,,,,,,,,,,,,,,,,,,,,,,,,,,,,,,,,,,,,,,,,,,,,,,,,,,,,,,,,,,,,,,,,,,,,,,,
0901217,0901197,Molluscs,"Unknown, Eastern Medierranean Sea",W,57,EDT,,"Musky octopus, wild, arm flesh, raw",r,Eledone moschata,Musky octopus,Eledone moschata,Spring,,,FAT-/PROT- (no analytical methods given); FA converted using XFA,2008,fi225,DR,2.0,,,,12.21,,,,,,,0.08125352,,,,,,,,,,,,,,,,,,,,,,,,,,,,,,,,,,,,,,,,,,,,,,,,,,,,,,,,,,,,,,,,,,,,,,,,,,,,,
0901218,0901198,Molluscs,"Unknown, Eastern Medierranean Sea",W,57,EDT,,"Musky octopus, wild, arm flesh, raw",r,Eledone moschata,Musky octopus,Eledone moschata,Autumn,,,FAT-/PROT- (no analytical methods given); FA converted using XFA,2008,fi225,DR,2.0,,,,14.32,,,,,,,0.13666368,,,,,,,,,,,,,,,,,,,,,,,,,,,,,,,,,,,,,,,,,,,,,,,,,,,,,,,,,,,,,,,,,,,,,,,,,,,,,
0901219,0901199,Molluscs,"Unknown, Eastern Medierranean Sea",W,57,EDT,,"Musky octopus, wild, arm flesh, raw",r,Eledone moschata,Musky octopus,Eledone moschata,Winter,,,FAT-/PROT- (no analytical methods given); FA converted using XFA,2008,fi225,DR,2.0,,,,14.5,,,,,,,0.123644736,,,,,,,,,,,,,,,,,,,,,,,,,,,,,,,,,,,,,,,,,,,,,,,,,,,,,,,,,,,,,,,,,,,,,,,,,,,,,
0901220,0901200,Molluscs,"Unknown, Eastern Medierranean Sea",W,57,OCC,,"Common octopus, wild, arm flesh, raw",r,Octopus vulgaris,Common octopus,Octopus vulgaris,Spring,,,FAT-/PROT- (no analytical methods given); FA converted using XFA,2008,fi225,DR,2.0,,,,14.83,,,,,,,0.106243234,,,,,,,,,,,,,,,,,,,,,,,,,,,,,,,,,,,,,,,,,,,,,,,,,,,,,,,,,,,,,,,,,,,,,,,,,,,,,
0901221,0901201,Molluscs,"Unknown, Eastern Medierranean Sea",W,57,OCC,,"Common octopus, wild, arm flesh, raw",r,Octopus vulgaris,Common octopus,Octopus vulgaris,Autumn,,,FAT-/PROT- (no analytical methods given); FA converted using XFA,2008,fi225,DR,2.0,,,,14.78,,,,,,,0.252867744,,,,,,,,,,,,,,,,,,,,,,,,,,,,,,,,,,,,,,,,,,,,,,,,,,,,,,,,,,,,,,,,,,,,,,,,,,,,,
0901222,0901202,Molluscs,"Unknown, Eastern Medierranean Sea",W,57,OCC,,"Common octopus, wild, arm flesh, raw",r,Octopus vulgaris,Common octopus,Octopus vulgaris,Winter,,,FAT-/PROT- (no analytical methods given); FA converted using XFA,2008,fi225,DR,2.0,,,,15.28,,,,,,,0.267631488,,,,,,,,,,,,,,,,,,,,,,,,,,,,,,,,,,,,,,,,,,,,,,,,,,,,,,,,,,,,,,,,,,,,,,,,,,,,,
0901225,0901205,Molluscs,"Portugal, Ria Formosa lagoon",W,52,GAS,,"Banded murex, wild, soft body tissue, raw",r,Hexaplex trunculus,Gastropods nei,Gastropoda,Mar 2003-Feb 2004,,,,2009,fi231,SE,2.0,0.379,20.1,,,,,,,,,,,,,,,,,,,,,,,,,,,,,,,,,,,,,,,,,,,,,,,,,,,,,,,,,,,,,,,,,,,,,,,,,,,,,,,,,,,,,,
0901241,0901221,Molluscs,"Costa Rica, Guanacaste, Playa Panamá",W,52,TBI,Cambute,"Eastern Pacific fighting conch, wild, male, edible muslce, raw",r,,Eastern Pacific fighting conch,Strombus gracilior,Sep-Nov,7cm,,"PROT- (analyzed according to AOAC 1984), CHO- (analyzed according to Dubois et al 1956); minerals expressed per DM - conversion to FW",1993,fi240,DR,2.0,0.786,,,18.36,,0.0142584,,,,,,,,,,,,,,,,,,,,,,,,,,,,,,,,,,,,,,,,,,,,,,,,,,,,,,,,,,,,,,,,,,,,,,,,,,,,,,,,,,
0901242,0901222,Molluscs,"Costa Rica, Guanacaste, Playa Panamá",W,52,TBI,Cambute,"Eastern Pacific fighting conch, wild, male, edible muslce, raw",r,,Eastern Pacific fighting conch,Strombus gracilior,Sep-Nov,8cm,,"PROT- (analyzed according to AOAC 1984), CHO- (analyzed according to Dubois et al 1956); minerals expressed per DM - conversion to FW",1993,fi240,DR,2.0,0.8359,,,19.82,,0.0085033,,,,,,,,,,,,,,,,,,,,,,,,,,,,,,,,,,,,,,,,,,,,,,,,,,,,,,,,,,,,,,,,,,,,,,,,,,,,,,,,,,
0901243,0901223,Molluscs,"Costa Rica, Guanacaste, Playa Panamá",W,52,TBI,Cambute,"Eastern Pacific fighting conch, wild, female, edible muslce, raw",r,,Eastern Pacific fighting conch,Strombus gracilior,Sep-Nov,7cm,,"PROT- (analyzed according to AOAC 1984), CHO- (analyzed according to Dubois et al 1956); minerals expressed per DM - conversion to FW",1993,fi240,DR,2.0,0.7252,,,26.01,,0.008352,,,,,,,,,,,,,,,,,,,,,,,,,,,,,,,,,,,,,,,,,,,,,,,,,,,,,,,,,,,,,,,,,,,,,,,,,,,,,,,,,,
0901244,0901224,Molluscs,"Costa Rica, Guanacaste, Playa Panamá",W,52,TBI,Cambute,"Eastern Pacific fighting conch, wild, female, edible muslce, raw",r,,Eastern Pacific fighting conch,Strombus gracilior,Sep-Nov,8cm,,"PROT- (analyzed according to AOAC 1984), CHO- (analyzed according to Dubois et al 1956); minerals expressed per DM - conversion to FW",1993,fi240,DR,2.0,0.7304,,,27.76,,0.012327,,,,,,,,,,,,,,,,,,,,,,,,,,,,,,,,,,,,,,,,,,,,,,,,,,,,,,,,,,,,,,,,,,,,,,,,,,,,,,,,,,
0901259,0901239,Molluscs,"Iceland, North Atlantic",W,56,CLQ,"Kúfskel, vöðvi","Ocean quahog, wild, raw",r,Arctica islandica,Ocean quahog,Arctica islandica,,data entered without mean/max/SD,2,,2011,im11,OR,2.0,,7.3,,,62.9,5.3,43.1,0.84,,,,,,,,,,,,,,,,,,,,,,,,,,,,,,,,,,,,,,,,,,,,,,,,,,,,,,,,,,,,,,,,,,,,,,,,,,,,,,,,
0901298,,Molluscs,Australia,W,51,,,"Freshwater mussel, wild, raw",r,Velesunio ambiguus,,,,,1,,1983,jd1,JD,2.0,,6.6,,,124,16.6,,3.9,,,,,,,,,,,,,,,,,,,,,,,,,,,,,,,,,,,,,,,,,,,,,,,,,,,,,,,,,,,,,,,,,,,,,,,,,,,,,,,,
0902189,,Molluscs,"Laos, Champasak and Savannakhet, rice field ecosystems",W,52,RPN,Hoy knong, ,r,Pila sp.,Sea snails,Rapana spp,dry season,,3,FA converted using XFA,2010,fi103,DR,2.1,,11.8,,,[812],[102],,12,,,0.0083562,,,,,,,,,,,,,,,,,,,,,,,,,,,,,,,,,,,,,,,,,,,,,,,,,,,,,,,,,,,,,,,,,,,,,,,,,,,,,
0902226,,Molluscs,"Brazil, Piauí, Parnaíba delta",W,54,MYV,,"Mussel, edible part, raw",r,Mytella sp.,Sea mussels nei,Mytilus spp,,,,minerals expressed per DM - conversion to FW,2007,fi203,VN,2.1,,[16.09],,,67.763425,38.481,,1.265025,,,,,,,,,,,,,,,,,,,,,,,,,,,,,,,,,,,,,,,,,,,,,,,,,,,,,,,,,,,,,,,,,,,,,,,,,,,,,,,,
0902281,,Molluscs,"Italy, Egadi Islands",W,57,CTC,,"Common cuttlefish, wild, fillet, raw",r,Sepia officinalis,Common cuttlefish,Sepia officinalis,Jun/Jul 2003,weight: 400-600g,1,,2006,fi65,DR,2.1,,18.32,,,,,,,,,,,,,,,,,,,,,,,,,,,,,,,,,,,,,,,,,,,,,,,,,,,,,,,,,,,,,,,,,,,,,,,,,,,,,,,,,,,,,,
0902357,,Molluscs,"Canada, Arctic Circle, NorthWest Territories, Broughton Island (Qikiqtarjuak)",W,54,MUS,,"Mussels, wild, meat, raw",r,Mytilus edulis,,,1985 to 1988,,1,proximate composition determined by AOAC methods (1984); crude fat determinations (16.064); protein by methods 47.021 and 47.023,1992,fc002,LS,3.0,,,,,85,15,,1.0,,,,,,,,,,,,,,,,,,,,,,,,,,,,,,,,,,,,,,,,,,,,,,,,,,,,,,,,,,,,,,,,,,,,,,,,,,,,,,,,
0902359,,Molluscs,"Canada, Arctic Circle, NorthWest Territories, Broughton Island (Qikiqtarjuak)",W,,,,"Clams, wild, meat, raw",r,Mya spp.,,,1985 to 1988,,1,proximate composition determined by AOAC methods (1984); crude fat determinations (16.064); protein by methods 47.021 and 47.023,1992,fc002,LS,3.0,,,,,172,2.5,,3.9,,,,,,,,,,,,,,,,,,,,,,,,,,,,,,,,,,,,,,,,,,,,,,,,,,,,,,,,,,,,,,,,,,,,,,,,,,,,,,,,
0902422,,Molluscs,"Canada, Arctic Circle, NorthWest Territories, Baffin Island (community of Broughton Island)",W,54,MUS,,"Mussels, wild, meat, raw",r,Mytilus edulis,,,1985 to 1988 ,,1,Samples were taken in the wild (informed by the author); tr=trace amount (0.05 g/100 g wet weight); nd = not detectable levels ranging from 0.04 (22:5) to 1.38 (20:4) mg/g dry weight,1991,fc005,FG,3.0,,,,,,,,,,,,,,,,,,,,,,,,,,,,,,,,,,,,,,,,,,,,,,,,,,,,,,,,,,,,,,,,,,,,,,,,,,,,,,,,,,,,,,,,
0902424,,Molluscs,"Canada, Arctic Circle, NorthWest Territories, Baffin Island (community of Broughton Island)",W,,,,"Clams, wild, meat, raw",r,Mya spp.,,,1985 to 1988 ,,1,Samples were taken in the wild (informed by the author); tr=trace amount (0.05 g/100 g wet weight); nd = not detectable levels ranging from 0.04 (22:5) to 1.38 (20:4) mg/g dry weight,1991,fc005,FG,3.0,,,,,,,,,,,,,,,,,,,,,,,,,,,,,,,,,,,,,,,,,,,,,,,,,,,,,,,,,,,,,,,,,,,,,,,,,,,,,,,,,,,,,,,,
0902459,,Molluscs,"Canada, Artic, 12 Inuit communities",W,,,,"Clams, wild, meat, raw",r,,,,Sept/Nov 1998 and Feb/Mar 2004,,2,,2002,fc007,FG,4.0,,,,,,,,,,,,,,,,,,,,,,,,,,,,,,,,,,,,,,,,,,,,,,,,,,,,,,,,,,,,,,,,,,,,,,,,,,,,,,,,,,,,,,,,